date,user_id,product,quantity,price
2024-06-21,f3223e5a-10e6-4bfd-b5a4-34019b858acc,clothes,40,194.62978
2024-09-03,90f2bb26-6ba5-49d8-a98b-5982d374bc70,medicines,63,674.87054
2024-04-06,46e5c4db-617d-492b-9be3-0ba3112069db,cosmetics,62,150.4601
2023-12-24,f88939a8-bfcd-454a-b51f-e8b16366feb7,food,34,802.7624
2024-03-20,b06b6f06-a3e0-429e-b17b-ca24945b066b,clothes,36,909.5056
2024-08-17,d575efcc-a6f7-45b1-9c20-6016f643f668,medicines,88,267.75
2024-03-08,a03928f0-3ea3-4c7b-b3a6-3f2fd4c6d475,medicines,6,740.4346
2024-04-22,703cd149-5f22-47da-af40-1419d1d2d323,clothes,63,886.3065
2024-06-03,ce8a35f8-d2a0-4109-9cd9-f5b7662ad05a,food,94,313.41574
2024-08-19,8aad6a59-e575-4a5d-9d42-ad9dba790026,clothes,78,328.62555
2023-10-18,2da6304d-33de-4761-8869-77e207892025,clothes,100,612.3226
2024-09-10,80c6b60e-be88-4b89-8074-8944daf28dcd,cosmetics,37,243.79868
2024-01-15,b186d91c-5d91-4441-ad15-e7b6ec71513b,food,62,457.4946
2023-10-21,f662fa11-774c-489d-8820-3d523aa7ef99,instrument,15,164.88847
2024-02-24,874c2fe5-81f1-4880-8e50-eb33f74d4518,cosmetics,34,190.39322
2024-05-06,d94ce101-daac-4a14-8031-b2d2cfb33868,food,93,287.3966
2024-02-04,e4514961-3f2a-4abd-ba06-0150830a96ef,clothes,52,56.65946
2024-04-28,15bcced0-5989-4250-9542-f5f7b0acdb6e,instrument,9,678.8736
2024-08-07,7cdec2bc-6c48-4c1f-bc03-987a1439d04a,instrument,10,481.0201
2024-01-10,d2823ad2-7c24-44c8-a466-2bff78beba87,food,26,524.84424
2024-06-08,1811c50a-ff5d-4329-966a-8ddfe35e4286,food,89,932.83765
2024-05-09,7f8e231f-3238-442f-8eba-21d948bcf006,instrument,69,190.98749
2024-08-26,59e6a0c2-62ce-47ac-912b-79803be10c70,medicines,54,655.0229
2024-03-24,18569488-4ea6-411e-9b0d-94b1cea77b37,food,56,473.70667
2023-12-30,46d97006-fcf1-46bc-99b2-bfb60b30af7e,instrument,59,531.4878
2024-10-06,e60cc0ba-42d0-4448-a0ff-a83ca19f0e04,cosmetics,3,811.2613
2023-12-17,f9e51328-5fd4-45d2-b3d0-73ad3e8fa1a6,clothes,14,603.40607
2023-10-25,fb94a165-67f7-4777-a87d-44121c55cdaa,medicines,75,587.05743
2024-07-12,23ab78ee-7c13-4899-a33a-edb697a8c39a,food,37,561.99664
2024-04-21,e367be4d-9308-4cd6-8b50-e0696c21b3df,food,30,630.9844
2024-06-30,f07672fd-08a1-4efb-8e5f-d04113aa57b7,cosmetics,57,582.8258
2024-04-08,c792c4c2-cfc8-434b-8dde-0c58666e2a05,instrument,82,638.1383
2023-12-12,1fd0174f-d580-428b-9514-dd61d96c4966,medicines,75,961.72375
2023-11-30,503ab264-fa79-40af-afec-7105f572fa37,cosmetics,21,466.44308
2024-08-24,dff2690f-8a8a-4b61-b866-ca2d1d37d08a,cosmetics,16,200.9798
2023-12-24,651c6a45-8f86-4e52-a52f-6b2473eb957f,clothes,63,85.603
2024-09-21,ee178fd1-9d7f-4d7b-983e-73e264726bc6,instrument,93,247.28528
2024-04-30,aacef8f1-cde5-46d3-96c5-03c03dc3f748,instrument,45,63.841675
2024-04-14,d877d76a-d456-4996-8499-e1766243a5b0,instrument,41,203.83363
2024-07-15,5168056e-cfc4-4c2a-bf94-ad23c84ec223,cosmetics,89,492.92395
2024-06-05,89aa14ad-6b29-4675-b7e3-70bf3522178a,clothes,56,526.28723
2024-03-21,54753446-e112-4ae8-bb5f-448735d50730,cosmetics,3,58.214874
2024-06-20,5fa09efe-67fb-42f9-b62a-502fc157c5e1,clothes,56,895.09906
2024-05-09,6fbbed87-9ff7-4e29-9453-c094b432e9d7,medicines,11,908.01886
2024-06-28,29bb5482-6e3a-43c8-befe-b39e18d9fbba,clothes,11,144.44823
2024-02-21,8c1da722-9043-4732-ac25-e5975328a540,food,67,91.07022
2024-03-12,24765e21-aff6-4eaf-93b9-69cbcf2f1f95,cosmetics,37,278.71283
2024-02-03,6ec02599-dae7-4320-8d67-f21c02eef240,cosmetics,50,942.9303
2024-01-09,63cb22cc-7c79-452b-a1b5-8a28abdee982,instrument,93,692.34283
2024-05-26,569368b9-d690-46ac-b657-9f4f44a55bbe,medicines,16,436.0753
2023-11-25,a614b817-7a31-42f8-942b-a77b8c02750b,medicines,70,305.07733
2024-09-23,5b4a3982-0734-4db2-8db3-66d299b5cc7b,clothes,19,140.50314
2024-08-23,b54bfd22-c0f3-4cbc-acc9-64c42ebc4e47,cosmetics,60,80.37667
2024-01-01,f4d72857-4a6a-46e8-b71c-9a58d22d1da1,cosmetics,35,677.6783
2024-08-06,5d53d318-ef15-4805-a2ac-1f761d2c0379,cosmetics,98,60.04244
2023-11-06,665a4c21-6ad4-48a9-b352-80c87826480f,cosmetics,33,163.94934
2024-05-07,5f716a96-5800-429f-822d-82438541d78f,food,63,816.73755
2024-08-21,1e0c5633-93ed-4f7a-a768-0b475dd39725,clothes,43,886.2595
2023-11-14,28703a12-9daa-41e7-8417-1db30cf9d41c,medicines,41,935.49994
2024-10-07,07b26670-9a62-4575-b9e6-73bfb59f1643,cosmetics,27,966.8314
2024-05-08,9453997b-bf03-4e3b-a5fd-8ba078477e65,cosmetics,16,129.31532
2024-04-19,c8889633-0fac-41c3-97c0-5bea4bbfcb39,clothes,39,141.53224
2024-01-14,12f7882a-c9e1-44e2-8a45-41495f3bbc3c,cosmetics,42,957.4208
2023-11-30,1627b735-9ee7-4d5d-9864-aaa087b6e444,medicines,59,239.88333
2023-12-17,0f2fc6be-9661-4a37-ad63-f97cf31df950,instrument,58,790.04736
2024-02-05,d5cc90ce-140e-45bf-ada9-ad5e6fe62911,cosmetics,99,154.19516
2023-10-18,0b31893b-45cc-4466-b22d-18760bfa1910,cosmetics,70,279.65897
2024-04-13,118c9f72-486a-4e4a-abed-081f146fd689,clothes,40,475.37112
2024-07-06,dfd47a3b-b7d0-4e4e-982e-70bbb8f320e7,food,23,908.1732
2023-10-11,4e2f1056-5f04-41b6-bce8-71948f494c6c,food,48,633.2458
2023-11-17,e7edd0a1-a982-4dfb-b0ad-78769933ace3,cosmetics,79,686.30426
2024-07-09,953d7856-c3f6-42a0-bd18-b7131d9484e6,cosmetics,55,283.87286
2024-05-31,2418c95d-5f1d-4bd8-a23e-97cd7e64b591,instrument,58,38.826187
2024-02-06,0d047c23-8718-46e2-a980-0e98ecf96dd4,instrument,47,915.27686
2023-12-24,2f28a405-96f3-4988-b0f0-a6fc6b468139,food,8,716.1339
2024-09-08,770618d1-5e0b-46fe-a83f-9be5de5f2ec5,food,20,612.3753
2024-01-02,0e87798e-bccf-40f9-be58-3d73224d06da,cosmetics,78,573.95953
2024-09-01,d13aab33-f98f-4d60-bf80-33d40f25eea7,cosmetics,19,748.4672
2023-10-13,37cc43d0-bb6c-4987-a428-81c83158d873,medicines,65,730.9288
2024-09-14,844ac261-d52d-45db-96c3-de4fa19b8816,instrument,23,961.95355
2024-01-05,1cbf6fcc-f10b-4c36-96f4-e7d0ce04edd9,medicines,81,38.984776
2024-07-28,920dc681-0388-41fa-a375-eefd070857d2,medicines,86,478.21475
2024-07-12,ccd678c9-c495-42dd-8662-72c144dd950f,cosmetics,57,892.20087
2024-04-13,a1340396-27b4-4c90-aa38-ba2e692ace48,instrument,29,438.09433
2024-07-28,e42d2c33-2e36-4cc2-9a6e-7eef3fb89db6,medicines,57,326.07623
2024-08-23,ddd90c5a-5103-48b6-8712-86916b5b771d,instrument,24,971.3818
2024-07-25,1c656ac2-9b84-4383-99c8-fcdd2b12ea5b,cosmetics,91,965.89343
2024-08-19,deec862d-e362-4e51-bf58-ccd17d5fd08c,medicines,85,626.18695
2024-01-26,a585b34a-2087-4881-987f-b0de7a9a7a2a,food,64,851.17633
2024-05-22,cdb6529a-c087-4be6-9fbc-b3eda4848f07,medicines,59,919.70245
2024-10-06,cec09f37-5aef-4866-ab01-45a6513ca9c4,food,15,173.9175
2024-02-06,a63145b1-8ee7-4abc-b563-0fda26599abe,instrument,63,135.14221
2024-05-16,f84ce9aa-aea6-4500-968a-67d7e0071647,food,93,357.765
2024-08-25,9bb461f4-3ab7-40f8-8a0f-461f449795ab,instrument,79,884.889
2024-08-28,4c9a1908-3bd3-4cb2-85c5-f87f2089088a,food,50,623.18756
2024-06-08,5ab8e2cc-ccb5-4449-bc08-b74a3d506bd7,clothes,6,860.92584
2024-05-23,0437a900-2ba6-40ca-bb68-42800213f2b4,medicines,41,985.8183
2023-12-13,6196929c-0454-403b-9d8b-b1a9018d1eb0,instrument,68,649.71594
2023-12-26,fc2b3759-95b3-4bfb-8a9d-8b7d5ca8ff4c,medicines,7,504.12625
2024-06-26,fa0ab825-9ef3-43f9-a1d2-f03b3fe2c759,clothes,35,436.58017
2024-07-30,3f7b9638-5be7-47ed-a7bb-90e52da3375e,food,63,36.973797
2024-08-12,b435dcaa-ce38-4451-941b-28668b3d0138,medicines,61,238.7315
2024-02-07,c14d8351-575b-489e-9e8b-b46b7f839945,cosmetics,16,848.1943
2023-12-25,96673e0c-7831-4ec7-b8e2-ea9fd79c3fdf,cosmetics,21,397.54282
2024-04-16,35844cea-0981-48a7-ad20-be16a0c7faf4,medicines,63,319.00256
2024-01-25,707bfe1c-c4a6-419a-a148-d8b2273d7b19,clothes,64,532.84204
2024-09-28,92fe80bb-2067-4507-9447-d0f22432d120,clothes,61,524.45416
2024-06-28,6f8c9805-3165-4ae3-9b34-8b367bc0f932,clothes,10,415.89963
2024-03-13,18b168f9-9c27-47a6-8d96-ed19ac5e39e3,medicines,62,605.5899
2024-05-31,78a29679-3d43-4a17-833f-a76858798e9a,medicines,23,94.35511
2024-01-09,187a80cf-4700-45ef-945a-3098ea540841,clothes,37,886.1121
2024-01-11,c822481f-b808-40bd-9a61-0dd335651d5b,medicines,86,316.24637
2024-05-29,5742f0a2-2abc-47eb-9b8a-0a83c17fd69e,food,95,968.70026
2024-05-09,c59e1d4d-f5f8-493c-9487-631c5385b1a7,food,8,171.11714
2024-10-04,0c9f3889-7462-4a6b-bc8a-7c1ace2bdfc2,instrument,82,598.3396
2024-08-04,7e6179e4-0d22-4fed-b7ba-e5f757e5bfcc,medicines,85,182.65979
2024-05-22,b207691a-68a6-460e-9783-278d93bea696,food,57,157.1002
2024-02-26,db6fa8e6-a811-43f9-86f1-30bb8ded5595,clothes,2,757.72375
2024-03-04,59d3fc22-67a5-43c5-b711-d7e725cff9eb,clothes,52,203.27365
2024-08-06,474b50b5-3e51-41b4-ae2a-3f4a017bb7da,instrument,34,183.20277
2024-08-07,6e637782-eb88-44d2-bde9-75dfa490f184,instrument,53,732.6933
2024-06-02,1a975a3e-5e04-4fed-a382-0f65159f4590,medicines,27,901.4336
2024-05-04,724a125f-fb11-4303-8178-b4d7b0675977,food,13,483.00815
2024-09-13,048c157f-a977-43b5-89bc-6452a9d18949,instrument,25,647.0768
2024-01-10,2d1e227b-43bb-4dbc-8de1-d50c0a1f6db1,instrument,27,66.28258
2024-07-19,c48bcf75-c8f8-4c22-99f6-8d63394b898b,cosmetics,50,767.42163
2024-04-10,b2672630-36f6-4dd3-9292-1d66ad0329f4,medicines,71,184.51411
2024-02-02,1aa05d1d-5b09-4535-9af6-ae8167be6058,cosmetics,28,743.5575
2024-06-14,571b5e47-0490-4445-815f-a15c2b2da80f,cosmetics,33,426.69635
2024-04-19,dce1faa8-b33a-4324-b4e3-6a3f8642d72a,medicines,65,992.36743
2023-10-25,b322bb58-0f0b-4053-b396-a06cc544c88d,clothes,26,45.75196
2024-05-30,2a591b0c-a519-4442-b8cd-fcc42463a5b8,instrument,41,565.1769
2024-08-25,79509759-9fdb-457e-871d-348dd777695c,cosmetics,71,860.977
2024-10-03,421b18d3-c9a8-495c-86d9-3fdb615e4128,instrument,21,829.5721
2024-08-29,bc1a7900-3266-4b0f-8c06-fdfddd63bb1a,medicines,22,422.86545
2024-03-04,ed9bfbf2-7842-4e18-bec1-f933d4743e34,cosmetics,70,758.0018
2024-09-09,8acb5bcc-d6bf-471d-a5a7-9f0d0ae44d16,instrument,13,593.5449
2024-05-15,5d81f82f-de1e-4f93-92e6-b7db76e77af2,clothes,95,694.3284
2024-05-20,c1498fc0-f929-45eb-a65c-ed68aa43d84b,food,75,547.6224
2023-11-03,062e9343-40a6-4ba3-b513-8e26c47f0640,clothes,90,262.93063
2024-01-24,a4dcf898-d65c-495e-9a01-c03c59753210,cosmetics,35,398.63113
2023-11-25,46fca4db-44fa-4c2d-aaea-be6c9a2e5203,cosmetics,67,63.11147
2024-08-28,ad0d8508-4bac-45f1-aae7-278e184f2eed,medicines,68,529.15564
2024-04-10,56a37a73-94ac-481e-ad98-799573158e7b,instrument,20,206.55089
2024-08-31,7392d6b7-0d60-4f8c-9283-a12dfdd1d68c,cosmetics,75,435.4658
2024-04-29,aff95a9e-39c9-48d5-b091-7bf6fe92be9a,instrument,13,792.5714
2024-03-05,a1920e5f-72c8-444b-96c2-f74481094f28,clothes,4,313.84274
2024-09-26,363c5da5-2686-4d07-9e2a-a186d54cc382,medicines,87,139.29964
2024-07-11,82ba348a-0a77-4e86-abc6-58b059545a63,cosmetics,11,713.76483
2024-07-15,f48fdaac-ce9f-4714-b819-fd5465c16a7a,cosmetics,55,523.58527
2023-10-25,9e88ba61-bd9a-462f-8570-d6a484722991,medicines,38,289.9599
2024-06-13,9c5602bc-52b5-418c-b61a-57c44b066019,clothes,54,496.49854
2024-08-29,909e71a8-e9f0-401f-ab51-2ca199f85969,food,43,983.6176
2024-06-07,150e971d-dfc6-4bc6-9e40-71eb49b2025a,instrument,4,143.59897
2024-03-26,fa23d916-f4af-4731-9bac-30b7f7108b81,cosmetics,100,246.4473
2024-03-23,e6b43c6a-3c8b-4ddd-bb01-1fbcc1010717,instrument,27,477.7607
2024-03-31,0213dfab-94f5-45b0-a70c-a9bdfd3c25e6,food,61,508.01776
2024-01-15,b8615e9a-38fe-44e6-b1bb-d537d8074088,cosmetics,17,203.41266
2024-08-16,282261d7-f722-4984-879a-2ebed13e8905,medicines,16,563.69
2023-10-22,891df298-52b5-4876-9d03-9f1e1193c176,cosmetics,69,740.3277
2024-03-21,5dc626dd-c841-4e2b-99ed-7417f6b1366f,cosmetics,71,812.0543
2024-09-06,6d434ad8-2fb6-4d43-855c-7d503d55acb6,food,3,205.21326
2024-08-14,7571e84b-6946-400b-bea4-c21c58fac4f5,clothes,48,86.819855
2024-01-31,3d78f9b8-ab80-4a34-8eba-e87b62b29050,medicines,3,494.68716
2024-05-03,285f8a78-950f-4ddf-8c91-740c3372fcc2,food,63,891.8645
2024-09-24,dbf600c7-1a5a-41e4-846b-546090de671f,clothes,83,666.1888
2024-08-23,291091a2-d38f-4f28-9b06-58c3927c6cb6,cosmetics,45,815.7003
2024-04-29,0b21a4a1-042e-401f-9350-560c6ea8f14f,clothes,50,451.62335
2023-10-16,37931476-2c51-4bbf-a27f-1b2848db5b6b,clothes,3,870.0796
2024-04-10,26329fa2-ee8a-417c-8d97-76437b652d0e,medicines,23,839.83124
2024-04-29,8d6b640b-0c94-4cd7-86c8-a6341668e661,cosmetics,83,852.0559
2023-11-20,3aac3437-c13c-462c-8686-220dbab8a437,food,85,150.01277
2024-01-26,1cf568a1-80de-4745-a776-6e471a961903,food,56,976.265
2024-07-16,dc14aacc-e094-4caa-81fd-9498c68f3a6d,food,44,966.36334
2024-07-07,17fb1df7-f160-42db-b1c2-4ef79368d06f,instrument,96,567.72906
2023-10-23,339e79aa-d8bd-4182-a066-e919e169ca1a,cosmetics,26,816.9432
2023-10-28,b6148c95-c4ac-47e1-b8a7-62157acd00c4,instrument,70,319.76425
2023-11-02,53dc8cd9-8452-4674-ad51-a8e1a04cea01,medicines,98,685.2604
2023-10-30,9ec6db56-48b1-4afe-b2fd-d565b99e58f2,medicines,15,98.916855
2024-09-16,dc681928-a04d-407e-8821-9a9455be7728,instrument,94,18.785192
2024-06-13,d91eecf2-ef0b-41de-b82c-fdce3f03d4d0,cosmetics,21,650.54974
2024-05-25,5365fb60-ff58-49be-81d1-f761415d8592,instrument,74,35.958023
2024-06-09,ef37b739-e567-4367-ae3b-4d6ab3824d79,food,58,854.1719
2024-07-17,2db7aa8e-a95f-4030-a7d9-1e4706120ddf,medicines,48,698.46454
2024-08-24,2046ab4a-5241-4ffe-bc86-f7b920ee7ff9,clothes,2,180.6525
2024-01-15,933b1a6a-ab6b-4c26-88f6-1759f1b88e0d,clothes,41,949.3102
2024-07-31,0f01ba9c-f13b-432d-945f-5457f4801a15,food,48,799.189
2023-10-23,4fc00860-6689-4871-a95f-f922757070ee,cosmetics,53,148.21767
2024-05-26,71da5f5f-5fa5-491d-bef4-e52d7ed734e4,food,37,234.74477
2024-08-01,18995154-4871-448b-a522-69b741048553,instrument,35,322.27243
2024-04-27,cb87810a-7dfc-49a5-9760-dd82a85213ae,instrument,95,474.13794
2024-05-07,38f4785f-3827-4a26-a4dd-2929f75231d3,clothes,84,673.5316
2024-09-18,c38e1f2b-7a7e-41ee-a57e-d9576edba8a4,clothes,6,786.4431
2024-04-12,a5514dcd-3b77-45e7-8e54-f9da752f57c3,instrument,76,861.53107
2024-03-18,497bbcc6-2cb6-4f4c-b198-6fef538a035d,food,9,23.643661
2023-12-24,ad460546-6d01-4e15-8054-c2eee52a2477,medicines,17,816.65497
2024-03-02,c358beae-2ac1-44d6-8b43-b376a72f913e,food,52,513.66797
2024-04-14,be04c440-2da4-4cec-ac51-a7e6386bfe58,medicines,14,91.65274
2024-08-07,9cc00916-97b0-4ba0-95f7-a07d42c129dc,food,13,608.1131
2024-08-02,8a4943d8-e116-4c79-8ab8-ce9d71c72aa4,food,29,622.69366
2024-09-05,41cde9aa-1f1d-4379-8736-269b915f2589,cosmetics,19,469.07257
2023-11-09,badd8575-dfae-4f44-9e6f-e3ac0420fc3e,food,36,739.0006
2023-12-18,518e3a14-9191-4f9d-b0ae-54f0e1807ca6,clothes,12,85.12423
2024-03-21,24e27a7c-de43-4e03-bd42-16cb4894ed0f,clothes,9,322.4229
2024-05-21,41ebd9e2-984f-408d-96d8-62d75a19a8db,food,40,359.39694
2024-09-24,254f14be-db4f-4815-9ac9-5866279fe9dd,cosmetics,48,107.59003
2023-12-31,956072f4-bedd-4e70-8d70-9aac4ec08391,clothes,68,879.5573
2024-09-20,02db535a-0561-4d7b-aeb2-d71f80f07960,instrument,2,773.95514
2023-12-06,8c9dcee9-9830-4d3c-a587-779a8fa991e3,medicines,58,36.162052
2024-09-06,6cefbeb1-81c4-425e-adf1-ab897ee0755c,medicines,66,30.403955
2024-07-25,9e172f6b-1fe6-4812-a710-deb8e3d5ff84,instrument,12,853.984
2024-04-21,e46a07e1-b4cc-4a55-a5de-0573b2f53c02,clothes,94,851.63416
2024-08-23,b14036ed-9def-4eb9-b5b7-c5bf7899bb4b,cosmetics,48,691.75836
2023-11-08,cd166d1e-164f-43c6-912c-82bdf6da88ac,clothes,41,869.74554
2024-01-19,d25645eb-a907-4e01-bce4-d2dde3db4a8a,cosmetics,70,208.31934
2023-10-17,325e9468-5557-453b-ad47-474e446aa2b5,cosmetics,66,849.66644
2023-10-18,cb3b3057-f079-48a2-8001-8e9695f9c284,medicines,26,584.67035
2024-02-15,8624007b-94f6-4df2-ab57-4f45f3ed921b,clothes,33,434.2624
2023-12-08,22563cda-f7a8-4ca9-a6fb-5628bb33512f,food,76,521.4468
2024-03-25,1db2c2e9-15e7-478d-b654-75f35b654b5d,cosmetics,68,295.4486
2023-12-31,26548ba9-4013-420f-924f-2f9acbf19d9d,food,99,701.088
2023-10-23,136c6770-e94e-4360-8b52-aaa532d6b356,medicines,3,449.75122
2024-04-08,314c1c63-b31c-40d0-b0ad-9f5726dd4580,clothes,97,12.259663
2024-07-12,c151da89-b467-4a6e-ba4b-866e56cf7208,medicines,26,457.40854
2023-11-11,a03c3b5d-42da-4ad5-a05e-1b2527799365,cosmetics,53,632.1579
2024-08-16,b585b7d3-a41c-48d3-a010-0adf035c611a,medicines,70,679.8558
2024-08-09,b90ee9c9-f868-4e0e-8045-74d278bcdc2d,clothes,24,530.3228
2024-06-16,59b9e217-9f3f-42e7-98b8-87e92a89e746,medicines,43,739.0494
2023-12-11,72132943-e3eb-4bfd-87cd-52a12d4a5678,cosmetics,2,452.4759
2024-05-10,f51985de-cf0c-4e60-a683-fd63fcabe0ba,food,6,978.67505
2024-05-18,9b078b66-e365-48a5-8ee6-4e67cc0e4e33,instrument,44,856.56305
2023-12-20,99170f0f-abab-482c-9e37-f18babcaac8a,clothes,57,110.0883
2023-12-17,f4d5024f-a34a-40b7-a9d4-69a8801a7a04,instrument,36,60.38181
2024-05-06,e16f0bec-efc8-44c0-a28e-4af9b1dd73ff,instrument,36,253.76227
2023-11-06,0d6885fd-c638-4638-9b61-ef6de84445e3,cosmetics,87,309.20825
2024-08-19,dee0a8b2-35ca-4d21-a10d-dda7d4c9af7c,medicines,61,914.877
2024-10-06,db8adcad-c883-4833-adfe-eae5967f575b,cosmetics,42,277.83316
2024-01-08,2068e0f2-4ae2-4925-9503-795c9da24934,clothes,70,575.80927
2024-09-15,3b7f387d-3ded-45c0-8101-60b378d54234,instrument,63,708.2776
2024-06-11,93c4120d-baec-4e24-afc8-3cea187a82d8,cosmetics,12,684.6313
2024-06-18,9f78e0c7-4861-4fb0-b24e-18ce04992fd7,food,39,162.44897
2023-11-04,337113cb-050f-43ab-8914-c4dabe8bf0af,clothes,69,137.2486
2024-03-21,4909fe09-7729-4a5c-a427-f68f10492fa0,clothes,19,713.3232
2024-05-07,b5ee6c6b-ecfe-45d1-8f3a-6547dad2efcb,food,86,73.95279
2024-06-02,89669e30-76e0-48f6-a481-f6385eba6308,clothes,90,444.02548
2024-07-21,31b9508d-a7fe-47be-a7e0-03bbf43a291d,clothes,79,105.99183
2024-09-15,64fa4969-80bc-4c94-98f7-1487f009ba6d,food,81,224.97285
2024-08-23,f29e488b-3d27-4344-a50b-2d85f9ec8479,cosmetics,42,607.4871
2023-10-19,fa5c2b85-43ec-45ea-a782-0597703d86e6,instrument,52,656.21735
2024-03-06,06334baa-df78-467d-a12b-a0f3910cb3e9,cosmetics,14,648.00244
2024-08-28,80857c37-182d-4ae5-b90c-f5fe01aa0ea1,cosmetics,6,273.33142
2024-04-22,7192e418-021a-4efd-842f-aa235073105b,food,96,424.05237
2024-05-15,b7b30537-74c0-4bf4-95c8-405d48888f43,instrument,10,264.33914
2024-08-06,28830dda-fba7-445f-9f9c-ff11edd76519,food,42,152.3758
2024-04-08,f7a8ed2d-c0bf-4df2-b2d9-79188e859161,food,65,646.50195
2024-05-22,c281d316-17d2-46d6-a6b6-7413519f2dea,food,39,900.93976
2024-02-11,d085cb43-3be5-4b1a-99ec-0c56dcf61b80,instrument,72,911.0645
2024-01-27,81ce1c67-f8d1-4468-acad-15f68f484330,cosmetics,87,521.30023
2024-05-31,ad09735e-4922-4136-b0b7-85cedafb5712,cosmetics,39,83.76626
2023-10-14,ad57cda8-2daa-44ce-b794-07cc588f2731,clothes,58,684.19977
2024-01-26,f63d3df1-3755-483f-a169-3397eed09aee,instrument,91,72.48825
2024-08-12,03863eb6-4897-459b-8248-46e1f8133b26,medicines,59,792.462
2024-09-26,b2d10149-e7e5-4f0c-aad7-fb95d7a52299,cosmetics,58,29.75242
2024-06-16,5a298af5-de0e-4761-8618-426090d6e0c8,clothes,51,80.26201
2023-10-18,42d75060-7d16-48de-a736-b6666e9f4db0,cosmetics,99,76.641594
2023-12-11,02a12664-e1cc-4199-a8c0-fa4fdce10c7e,medicines,41,129.1065
2024-02-19,49155b3d-50da-4f3e-9add-6cf6e873348a,clothes,11,156.93956
2023-12-27,991ac279-6874-48b0-9dc3-fbdf46d5c9f8,clothes,17,670.0467
2024-05-21,5a169e46-c37f-4509-ab2a-f1d0e03b928f,clothes,83,63.642986
2023-11-22,2a7dd504-25f1-4a0f-9fea-23f8b882f0c4,clothes,22,651.2696
2023-12-14,0d6cd35e-599c-4fb4-be65-d14db79176c6,clothes,34,648.57074
2024-05-14,bad1212b-9dfc-405a-8a37-5c9fa7b77f82,cosmetics,86,590.32935
2024-02-13,04f9f578-8964-45d4-b11f-b99655f6f020,food,12,607.8651
2023-12-18,cba1c3c6-a1e9-4413-a22a-ce29c09d804c,cosmetics,33,987.47034
2024-08-13,95e53ece-815a-4180-bc1b-b362cd8b8638,medicines,19,100.21044
2024-03-28,f4582fce-5e70-4f9f-939f-93bfb2e4cb05,instrument,70,222.02838
2024-01-11,5e418c40-43dc-4d09-9d28-d0a59adda9b0,medicines,3,961.4618
2023-10-14,0c5b7f39-be83-4815-9a39-1458dbbeb981,food,86,236.82278
2024-10-01,f53b0786-1b45-4bb4-bab4-dddfb81b052f,food,34,260.0351
2024-07-02,548d4e10-3170-4b41-8c98-eb398ed49e5c,cosmetics,40,840.35297
2023-11-13,938314a7-c896-4ae3-b6e3-97973993c131,food,64,40.178802
2023-10-26,9d955e50-df92-473e-a9b7-d4ea25d6643a,clothes,46,104.617226
2023-11-10,1ebad016-0a88-4dd3-bb29-66895b0bec6b,clothes,91,688.9251
2024-09-05,d5c2b3ad-cd8d-4860-99e3-a97ae2d17c97,instrument,60,991.8409
2024-01-06,dc03b575-0d7d-47cd-9da9-2a15e91a2939,instrument,86,248.41762
2024-09-18,878081ba-d7a9-4acd-99eb-824532c3d238,instrument,82,870.16394
2024-03-11,fa43f6e1-9f15-4e98-b832-2fcd37a6923f,food,94,132.78194
2023-12-04,6af5ccc7-47d1-4e3f-8c5c-81df299e7052,medicines,79,458.1115
2023-12-21,e4329d8d-4fee-462c-82ac-d88301201815,food,18,728.85364
2024-04-18,c70769f7-4d0c-46da-a463-fc97a99d8aa6,instrument,47,343.7963
2024-06-11,6c7928f7-7494-4dfb-a220-be097c606bd5,clothes,10,99.94949
2024-05-01,f93d4128-8fa7-4bb0-8bc7-c03506dfd463,cosmetics,89,331.39014
2024-04-05,e5d51c01-1e8a-4a8a-ba15-47cfb6a8bdbd,cosmetics,33,977.5477
2024-02-05,5872a694-9ab7-470e-8445-a53bff4a1c0f,medicines,21,248.6471
2024-04-03,e9e69015-c707-415f-a42a-51a36d8a1ad1,instrument,14,85.4322
2024-07-16,9717ef92-6b68-4ddf-9c8d-3b673ba39516,clothes,100,282.21683
2024-02-06,f738d879-001b-4886-8ef4-173556452acb,instrument,70,693.2457
2024-06-29,7ccb0c3b-8d66-41b9-8bb3-d4613a5e822f,instrument,99,427.2705
2023-12-16,ee1d9b7d-f902-4c13-9f2a-0dec3b18f175,medicines,8,383.36966
2023-10-18,6889db7e-5d51-4f3d-b596-6725e7e2d7e4,cosmetics,18,529.0651
2024-09-24,a2c8850f-cc64-49f6-a6a6-6dc88852b06e,clothes,16,511.48273
2024-05-25,b55ab38c-d06e-437f-a454-7d020f43bb59,food,85,218.42583
2024-04-05,ea18ad43-b609-4160-8646-90b4678ea9f0,cosmetics,8,640.5772
2024-01-14,278c8407-7c69-45cc-a315-a4db070bde63,instrument,49,929.8328
2024-01-12,034688f0-edbe-41a8-acd5-bc0dd4ff486b,instrument,70,774.2726
2023-12-09,0ee15f53-3ba8-4e68-b819-51cb8675ada3,food,17,566.64594
2024-08-03,ff3a2f4f-3b37-421c-bc3f-c89c1e23f7aa,medicines,75,451.64816
2024-04-25,f4c09717-be26-4078-84ef-1a5d0a0041c6,instrument,11,450.5851
2023-11-04,2fe1e14c-c51a-4d08-8800-c55d2f7799de,clothes,39,816.4099
2024-08-05,05b74712-dfac-42a3-ab83-45d8847c6542,instrument,30,202.24448
2024-01-14,b5878f65-e42b-4e9e-93ae-68b3050bffa8,clothes,34,776.47516
2024-06-27,fca031e5-ad64-46f8-b171-63a9b7673b45,instrument,65,666.51965
2024-08-07,0141345c-5d99-475a-b1bf-806e01d47084,medicines,22,762.2005
2024-01-19,97074b32-6586-473e-8560-750a22158885,clothes,25,419.4274
2024-09-16,0abcaf0a-12f6-475b-bd79-481043a2df93,food,91,75.24308
2024-05-22,8b9a5889-0e60-49a5-947e-423a783a4d06,cosmetics,27,880.0998
2024-01-15,07d93073-6a70-4a5f-b50b-f2de5b01e8aa,food,66,890.37506
2023-10-12,9f21622e-24b9-459a-853a-dd78966a5d64,food,35,795.59094
2023-12-08,7f856709-150d-473f-bc67-06538ace60d1,cosmetics,16,930.4992
2024-01-23,89b15807-ee0f-4246-b8d0-829dbd42a8d7,medicines,83,279.07333
2024-08-23,71e25cf1-a7c1-421f-b345-ce01bade3086,food,8,785.3241
2024-02-29,cb406dea-642a-410e-b159-cf57c74601fb,cosmetics,95,847.7185
2024-09-22,a9a8481d-7fed-449a-8375-6691b87e62f6,food,12,61.32903
2024-02-17,1a1f7d00-aaa4-444f-b93e-995d20e72bff,clothes,67,486.6182
2024-03-21,f9484a19-515c-4505-813b-2fdae3b41f18,food,31,111.39699
2023-12-18,377f295d-ad8f-4750-b5ea-5eee8ada7846,medicines,75,512.5354
2024-07-04,c0ab8ae4-8e14-4bf8-bca1-6ae2bb31a6e3,cosmetics,75,397.69995
2023-11-28,a86d8242-7ba2-4391-9544-435979d9a575,cosmetics,67,727.38385
2024-02-24,b0b49536-5386-4d3c-90be-bd38abe5b0a4,instrument,71,348.81348
2024-06-26,5ca41463-cedb-4e52-a942-97807300a68b,medicines,1,785.34204
2024-02-03,3f88cd2a-f4e2-42a9-9f3f-3e47383f50b7,cosmetics,65,585.3378
2023-10-13,27b4e9b1-2c9d-40b8-93f4-9ceb29557ca9,cosmetics,71,378.60242
2023-12-30,2dcc7e87-d773-4e8f-b150-7f3a4a70c7e7,cosmetics,54,43.37172
2023-10-10,cd2c54b6-1b96-4163-974b-34eb213cc45a,medicines,23,960.7563
2024-04-16,cbf514d0-6e22-4a77-a507-48e85726a628,clothes,71,864.64874
2024-05-28,f09b4e80-c56c-4f5b-8904-e1a62ff3dd5c,food,85,186.79362
2024-10-06,d3a031b8-c29f-4a2e-8597-4b7e6fe3d0ba,medicines,68,498.4828
2024-10-02,e5d35896-bf40-4688-880e-92593cb61207,clothes,70,698.65076
2024-02-20,49117f7e-873f-4d56-9d8f-d3a3322ba82c,medicines,75,192.70677
2024-09-15,581c4b91-d873-45ba-8e8c-d3b5b8b48a2f,cosmetics,96,673.74176
2024-03-04,434170ee-9b43-4ea0-a310-3cc349915054,cosmetics,54,212.00821
2024-05-10,18833ae4-253f-4c0a-afef-b2f51054abaf,medicines,40,503.7446
2024-04-18,f8f74667-b43a-4da4-b2af-9fe5c6a44323,instrument,20,517.8072
2024-03-12,565494f7-a0b8-4bfc-8d06-14a23de00003,cosmetics,83,669.767
2024-08-23,af65d177-249f-413b-af8b-c753e654cad9,food,52,858.7837
2024-05-29,693ff870-e164-4e83-8df9-7a8134a5fb9a,instrument,41,207.61569
2023-10-31,662622dd-2d82-4cec-a0d4-48ae8df25a60,cosmetics,24,24.17337
2024-09-25,c639ac94-e6ba-4bd4-a038-cd750ef94918,clothes,48,206.90399
2023-10-25,0921f55f-a540-4c86-9b68-135f6ad6a90c,clothes,16,247.42578
2024-02-10,226d5076-ec56-46eb-9573-1a9be63e52cf,clothes,78,487.96353
2024-06-15,af2a58fe-bb7c-414a-aeba-5c3076c0b9f1,cosmetics,54,710.5107
2023-12-03,a051db5c-3e35-4b03-bfb6-a3c88ca94f72,instrument,60,831.8251
2024-07-27,18472ab8-12b7-4493-964d-bef660848e66,instrument,65,213.24896
2023-12-15,970ec406-a933-4d06-b21e-f2c488068002,food,95,309.54965
2023-10-17,e2e6798c-7d63-45f2-abc7-7982581b9a41,medicines,25,249.61049
2024-06-13,261051e5-a01d-44f9-9ede-08b62e2d7f35,clothes,66,575.2392
2024-03-01,318d04f7-9a09-4b0a-819b-66aaefc738c2,food,58,574.0846
2024-02-07,8c4df41a-f1fa-459e-885a-04b5b4e7a5d0,medicines,85,904.9429
2023-11-06,7fedc143-1004-422c-a627-595c40f0787e,food,12,189.5452
2023-11-13,0f78d31a-d988-4809-811d-08e681aca41c,cosmetics,83,646.6114
2023-12-24,75aa6850-8add-4f23-a405-76eaf2f54f6f,food,53,713.3841
2023-11-07,75ea191d-27b7-459b-b876-8d774a49567d,food,82,543.68835
2023-12-08,904a5de6-1fcc-4214-a392-f581dc0a4149,food,58,259.27127
2024-09-18,604a18b9-bf4a-4498-8ba4-71a9c433125e,medicines,30,399.18713
2024-08-03,e2ba5d6b-544b-42f7-ae4a-fe8530df2b33,cosmetics,75,628.6018
2024-06-04,a03bd45b-e5ce-4f39-b3c2-8d481ecb765c,instrument,63,743.5293
2024-05-05,14c91bff-26be-47f9-802f-2df5ca90453f,food,23,250.58006
2024-05-09,47046b6d-65f1-4c62-80e8-29b6e2b25161,instrument,70,313.3
2023-10-25,95c9673e-a3c3-4105-9316-7fb63c7cf21c,cosmetics,20,532.1059
2024-07-02,1ce674d1-5e83-47a0-adff-1e518e5a785e,clothes,76,825.71326
2023-11-05,e75d1ead-e1bd-4213-941c-33475b05b9b5,food,11,849.7442
2024-07-24,ced2782b-05c9-4244-a54d-3722d37482e6,instrument,19,210.8206
2024-03-11,769a1da7-bbd3-4a3f-835d-34dbee7ea065,cosmetics,4,380.92673
2024-06-04,1418e21d-8591-4dbc-8d88-3dc20d49ac95,clothes,74,894.85767
2024-03-24,4c695d81-ed23-4aea-8b2e-dab7090695a8,food,28,960.6254
2024-09-07,9b520461-35a1-4696-8f63-d53f018a6e24,clothes,34,74.9803
2024-01-11,96e3bb30-b316-44da-88fa-af1ed24c3073,instrument,90,546.2689
2024-05-20,57bd4e2e-d7dc-4c5d-b5cf-3b450ff9df3b,medicines,98,852.0557
2023-10-18,4c4fd932-a874-4e54-a2c8-dc6a9c5c715a,food,41,907.8615
2023-10-21,a327fce3-8694-44f0-913d-72c75ccd96bb,cosmetics,18,681.3527
2024-03-20,b559f717-229e-4b74-8d07-2b03957f323e,instrument,41,658.8232
2024-07-14,7432513c-e3ca-4287-ab33-047a2a6e29a0,cosmetics,4,498.5419
2024-01-23,f817dd54-a5e1-47df-829c-ddd8bf94e519,food,43,217.0907
2024-07-09,59279418-27ef-47a9-8ab4-c219d536ac4a,medicines,52,287.88043
2023-10-17,32edb4e5-9adf-40ae-813e-652ca6aefd53,food,19,154.66762
2023-10-23,d4c1961f-d6e4-40fe-8473-0f1aa512ad49,instrument,16,779.4423
2024-01-25,ac3dcc8c-c262-4cde-8bb9-1f0453f10ac1,instrument,46,299.2606
2024-02-20,99554457-8140-483a-92e5-6f8726495ca4,medicines,83,532.35077
2023-12-27,3c54f801-598c-4706-a1c3-666071413c5a,cosmetics,19,524.6934
2024-06-01,da872975-1190-4652-96e6-4e89f8ac0be9,food,89,261.75122
2024-06-05,1b30a8ec-3ba6-42f3-9899-267314157060,food,88,710.7205
2024-04-05,54488300-6e39-4e82-88fb-1727ec3353e3,medicines,93,591.29376
2024-03-10,906aa504-e748-4c9e-98ab-e271c4398e60,clothes,21,942.72424
2024-01-24,6704b61b-cf5e-4fb1-9546-427a3bdd49fa,medicines,92,169.9381
2024-02-06,27bdfee9-7be8-45c5-9909-e181271d793a,instrument,18,969.0392
2024-05-08,c6446e5e-4ec7-41bc-ab07-ce22a7236249,cosmetics,44,26.538933
2023-10-21,c7fc64f9-6137-422a-992e-7fe766c1db0e,instrument,6,33.03317
2023-11-05,1333f3dc-b990-44c4-9bd2-ea90bf8f3f8b,clothes,98,394.64255
2024-09-25,5c4c3cdb-c233-4bfd-98c7-f8c1658cdda3,food,26,686.8369
2024-01-03,fbd28ca5-eea5-4c19-b8b2-36973f707e76,instrument,64,648.102
2024-07-08,7541dbdb-3ff6-4b78-a077-50b885461bda,clothes,73,386.7062
2024-07-10,6fe5f614-f596-4497-a62b-826ccc128b05,medicines,11,132.04692
2024-09-11,cbd8956f-9b06-4a48-b569-7a4e14961aab,food,89,235.29112
2024-02-24,2d4dc169-d8cb-4c5c-9b5f-38a991ec85ef,medicines,26,158.12375
2024-10-03,1fcdd633-bada-40b2-9d86-6d4b1e3563cb,food,61,199.65086
2023-12-15,ded72b34-858d-4907-8e6e-57d6939aae89,food,6,784.4055
2024-04-01,a190a9e5-8694-49d9-9c4b-b30aced65adf,food,10,186.8259
2024-07-12,bb1a5a49-1cfe-4484-8ae2-a3faeb070cfe,food,84,798.7391
2023-12-20,afd2104a-fe08-499e-95ad-4ab75abfc950,food,23,570.66364
2024-01-20,28b15c50-5fad-407d-9467-81e913ec7ed0,instrument,98,769.3017
2024-05-19,d6728b9f-b2ba-4335-bc1a-7171e48b7ea7,medicines,18,530.83594
2023-12-24,8b5aea7e-c88d-4574-bfb8-93fa0bf7cde0,food,30,426.9649
2023-11-02,423264dc-4b49-4fc4-ba53-43266c1f1de8,medicines,81,901.4698
2023-10-19,9062620a-00a5-4e06-8291-128dada3a59a,food,41,364.45493
2024-01-05,a2146de2-75de-4efc-8809-bf55b0a30d57,clothes,88,285.11047
2024-01-22,b38af4db-ca27-4af2-9f21-2eca9dbdbd29,medicines,34,796.4121
2024-09-20,9253040e-8f08-4d62-8dd4-122005fb9419,medicines,61,350.73004
2024-04-15,35732da2-48f6-48b3-8927-728d4ba77834,cosmetics,80,467.90228
2024-07-20,dc5fd641-a6b2-44ec-ab29-fc78f10392f6,instrument,89,44.63107
2023-12-31,1add192e-cc9d-40dc-8ced-fd2a800eddd7,food,16,530.8378
2024-07-26,da360bf1-772f-450a-86f3-758c62b1fdfe,instrument,45,928.11694
2024-01-30,24274024-af13-434c-826e-42b9b092a22b,food,4,62.884094
2024-01-26,e659dd03-327a-4b53-83fa-a8c39c40ffe0,clothes,46,420.0869
2023-10-16,57d81734-b757-4360-9fd0-1fbe666c9418,clothes,25,587.254
2024-07-12,8da9496b-2403-4c2b-987c-ad83e4929614,instrument,26,667.85095
2024-01-28,91e9b739-351d-474c-a91b-50a3b29b054b,cosmetics,99,638.4558
2024-05-04,c117d7dd-8463-4151-a45d-6dc773582ec7,cosmetics,61,143.00224
2023-10-24,5403f887-6400-44bd-bf8c-c9c395358a32,instrument,99,619.72974
2024-02-06,f1899f6d-066d-4ec3-97ca-df38ea6bcef7,instrument,16,408.8373
2024-03-30,5760e534-1eec-4c91-88fd-f231afd82975,cosmetics,89,109.08442
2024-04-03,689a29dd-c8e3-4315-a07f-e261289ba2cf,medicines,36,231.03825
2024-09-06,56ac0fda-be69-4c76-8579-6ffdd53bb852,clothes,23,211.68733
2024-06-17,e1147c68-a1f0-40ec-b2e0-ab4033f46e0d,clothes,20,818.97296
2024-05-12,1264e254-17fc-489a-9df9-3c51910b1dfd,food,17,689.16376
2023-12-24,55974a14-8722-46e0-a7aa-32b7f45f67f3,clothes,68,977.07825
2024-02-21,a059a5df-0aa5-4c3b-9207-6de0c3bd9284,instrument,52,22.558481
2024-04-13,775568ef-4029-47c4-bebc-6a262cbd5d9d,food,37,837.0711
2023-10-08,4b798543-af27-4b59-a869-412214dc8e30,cosmetics,9,89.804245
2023-11-05,e446c0b0-af3d-4239-bf08-8b9ae94a48f4,cosmetics,97,363.49097
2023-10-27,af411e33-74c7-4864-bb5b-93bfb77d6f75,clothes,87,954.1626
2023-10-22,7483cc72-e994-49ba-91db-9304162ea457,medicines,39,326.80035
2024-02-11,ed9a4cdc-26e8-40f9-a9eb-8839c7a3e6e5,instrument,49,289.6922
2024-06-09,3dd630c2-3423-4f75-9e9a-bf1347d0fe60,instrument,13,688.5428
2024-07-14,fe940400-877a-4d91-8f6f-d4db4407ca84,instrument,42,203.03473
2023-11-24,d36304d7-075b-497a-ad76-330861bd5bf4,instrument,65,541.0428
2024-06-17,00387e9a-8a45-47e8-ba45-77baf269731b,medicines,86,301.27652
2024-06-12,4b299661-1b9a-4e86-9aa8-185f219dd972,instrument,8,924.7527
2024-09-19,578f13d9-1946-49c9-8aa1-5a13e6c5902f,instrument,38,285.36453
2023-12-26,2da85a88-576c-4638-9c4b-1e6d617f2c4c,cosmetics,43,949.22675
2024-01-18,05e9f307-289b-47fe-bdab-5f307e3dbc5b,medicines,42,872.29083
2024-07-20,f2b9b7db-bff2-4879-8249-4360e1304321,medicines,52,953.53143
2024-08-11,ce3425de-6253-4b27-b833-78d00c18f202,instrument,62,490.06805
2023-10-14,3040231e-5fcb-441b-a137-f9cdb38b42a9,clothes,83,331.93326
2024-08-08,5e8a40a3-e58c-4148-956b-9e3cc32b8e90,cosmetics,46,475.54
2024-10-07,2cd82614-b63a-4c3d-acd0-ce95e94caced,instrument,66,194.89845
2024-06-01,e853d6f9-29d7-4440-bc8e-2aceac8b8553,medicines,1,349.79013
2024-06-20,6e7772f5-6510-4f8b-a770-5329005eb053,food,53,150.45483
2024-06-26,7378824c-e559-4845-a82b-cd4fc2ae0d1a,food,48,612.8098
2024-01-17,1cfc6b2d-68a2-435c-b946-235cf3b277b6,clothes,28,817.7744
2023-10-27,2998fb41-98a9-4feb-b80f-3a1072c08427,food,95,994.2392
2024-03-20,b4b50452-9486-4fd6-98e9-ac13f19025a0,instrument,76,916.58105
2024-08-26,63d52c08-14a0-4161-91c0-fa88763f8809,medicines,38,650.26105
2024-02-28,e9d55222-e305-4a13-999e-8e7b61307111,clothes,16,336.24554
2024-07-01,5047cc4b-f03f-415e-a9ae-f4fd6d837e73,clothes,30,570.5862
2023-10-24,52a54993-7c86-493f-b918-3876558170c1,clothes,95,653.5905
2024-08-28,59851072-9852-4bbe-b00c-5bb4d4aae753,medicines,32,80.855125
2024-01-29,d5c575df-d394-4186-887a-d72fa6485217,clothes,41,717.4411
2024-07-21,a35393dd-6a80-4c02-93ec-02d52ec6b115,clothes,48,396.18906
2024-10-04,cd9555ba-6264-4264-819e-10c7d2839802,instrument,39,914.1543
2024-06-14,4aae9aed-ab68-4807-b8dd-ba6b5c4a09ca,clothes,36,976.9974
2024-09-15,b3600386-82b6-4daf-925f-4dd46e9cb058,food,17,879.76544
2024-03-20,0fbc8bf1-65f7-40bb-a89a-8c77c4b9c4dc,food,99,15.600945
2024-08-12,6555d8cb-8951-413c-857f-ef3582e63cb5,medicines,57,234.38876
2024-07-10,49a3e5d3-cbfb-4b33-8e17-59d8dd2b2747,instrument,2,525.1068
2024-04-17,d9cb1ff4-8f62-48e9-b59a-7bbef3de9788,instrument,68,224.19934
2024-07-01,7e2c3705-7e86-45b9-bb6b-d1bfc5b9d260,instrument,39,372.72153
2024-05-31,30be7e4c-c11e-4f13-9a59-27b42e75e885,medicines,1,664.7578
2024-07-23,af50260d-9966-4b18-a935-329ff553884f,medicines,33,992.4094
2024-04-10,c46c44eb-dbbe-49a5-a08c-fadcb7fb86ad,instrument,12,506.48154
2024-05-18,b2e017ea-6394-4616-8cdc-796e38b64c4d,cosmetics,21,495.95935
2023-12-17,b9662cee-d7c8-4ae1-9f26-b5f0ed1df2ef,cosmetics,4,214.10735
2024-07-17,e1299da5-5147-4d98-a2c3-8fdbc7097d13,clothes,45,946.78406
2024-07-10,0060fac2-bd1b-4cfa-a142-0794ff7998ed,clothes,44,751.784
2024-01-09,7a37d11c-aac4-4f20-bb4c-23241e0af591,cosmetics,78,990.9536
2024-04-23,bb8ccbaf-251b-4b30-8e96-d84cc21ea1d6,medicines,36,143.18098
2024-07-31,01b56882-228f-4f22-81f7-937412904cb4,clothes,48,867.7424
2024-01-09,304e178b-a666-4079-b1ba-d67e8921b1dd,clothes,22,102.36601
2023-10-25,c37fd111-091d-48c0-aeac-329d3afe70f1,food,99,69.29812
2023-12-05,0590bcfd-6aa6-46c0-af1c-c9d5b8707fe6,cosmetics,24,999.74725
2023-12-05,3e4b6224-5f11-4892-b271-e83e60cc0bc8,food,46,283.76865
2024-09-13,9240bfa6-b020-4a5b-8a97-2b49d6b706cd,medicines,91,328.94418
2023-12-28,f84b9efa-cd54-477a-b1be-2cff68bcd026,medicines,70,475.7129
2024-02-19,26691d87-1f03-45b2-ae75-d4fe89033add,cosmetics,64,250.4119
2024-04-30,f8a89909-02f7-4576-ab68-b8899fa3c175,food,48,491.67868
2024-09-20,ceb5a57f-10bb-4220-8636-f8ba7ad303d6,instrument,6,92.07145
2023-11-30,44631f4b-647c-4706-a0f7-213db0f9a0b1,clothes,61,823.5588
2024-06-20,4368c18e-5be5-4bea-b52d-32e2d1d69d1a,food,22,640.15533
2024-06-30,785c1792-12d5-455e-b98a-79cb607675ae,instrument,99,180.582
2023-10-22,269a8c55-0cfd-43c3-b446-214e227a3186,food,9,311.4987
2024-05-22,9d043e20-9b69-4b77-ab1c-001efa080e13,clothes,5,461.17383
2024-06-09,bc2e1328-a524-49ef-abb9-15483fec996e,instrument,25,339.60873
2024-03-24,ece7b04c-c7b3-4c7a-b6c2-1e32fab2c23c,instrument,88,356.74332
2023-11-03,7c24943e-c248-47b9-a681-3aae15c5dda0,instrument,22,395.34845
2024-03-30,01ae3650-d250-44b9-87c9-473f5ccdf84b,food,76,852.64557
2024-06-17,aaffdf7b-da6a-4d1b-8dbd-020cd402ae0e,food,62,729.89386
2024-02-17,94fafee2-1110-4538-80b8-be3aeecde695,medicines,42,475.63095
2024-01-01,af859f96-a199-4f97-8484-5c1d6e09a4a8,medicines,16,453.91025
2024-09-17,3e1d7085-66e9-41bf-a805-961b4c3a2e5a,cosmetics,28,827.7358
2024-05-10,51ae089a-7146-4bfa-bb68-ff0be37f6540,instrument,44,839.2526
2024-05-01,2331b267-7125-4a93-9689-cdd26774207d,food,79,991.6664
2024-09-12,b7a24f89-4232-4454-9714-1dd04a64529e,clothes,8,187.77045
2024-04-16,c5e0eca7-afcb-4400-8794-5d935df7e293,food,71,283.0088
2024-04-27,7ee27a7a-ed28-4a27-8c3a-246935024740,instrument,70,767.3444
2024-01-06,5f84f0de-ea92-4740-968b-707b392869d2,instrument,6,690.91345
2024-01-24,ad440eb5-5a7f-491a-ac5f-ad9b6609c602,cosmetics,5,570.0854
2024-09-02,afb2318a-53dd-4f48-b09d-daed6403d160,medicines,12,101.39711
2024-08-19,433df3a1-5844-405e-bb07-0e163951793e,instrument,67,702.33185
2023-12-22,8d46044f-4467-46b3-b28c-b38aeaf9a473,clothes,62,789.1506
2023-12-13,a22667b3-a8c5-46e5-a111-69b1066537e8,instrument,52,640.57495
2023-12-01,1f80ba33-52a2-4bcf-8625-a2b1eae0efa2,cosmetics,9,207.8715
2024-02-26,ddbab4d0-a5e3-4409-9a44-406020cc483f,medicines,83,617.06165
2024-08-07,83c106df-2275-4f1f-8ab3-0e9d4bb6b659,food,100,189.85698
2024-06-20,5b940167-7001-47fe-8636-fbf986616c17,food,30,33.21254
2024-01-31,34bae237-e764-406d-907a-5300a2bab0d4,medicines,46,573.72156
2024-08-18,54c9fe6c-474e-4a99-8048-8471bd3c1dac,instrument,93,943.46405
2024-01-22,61126d93-496e-448f-8534-9c5752c0de06,instrument,99,936.70966
2023-11-27,8062c3ff-abee-42ed-a491-879eae6e57cb,cosmetics,26,983.8974
2024-07-22,15cdea35-e026-4820-bf71-1a8ec492f7ee,clothes,6,341.26004
2024-01-20,568737cb-b62f-493a-b086-4a1bfbe7b0ec,food,55,611.9594
2024-02-14,11b8056b-ced0-44d8-b696-62c6fc16f2a5,medicines,76,540.33405
2024-08-10,8221a4e9-78e2-4938-833f-220f80d54f66,cosmetics,64,574.33606
2023-11-22,b6e38a1e-681b-4092-beb3-54ab00f594b2,instrument,96,231.95728
2024-04-10,7851e325-cac4-4d68-bdf9-532482a9c28f,cosmetics,65,280.92667
2024-05-08,2b771f43-bf86-4166-b5c2-ddae3a50dd99,clothes,93,10.5194
2024-07-13,704273e5-e71c-4b06-979b-6cf340660a1c,medicines,40,459.23532
2023-10-15,604ddc4b-82da-450b-852f-d07034d7e986,instrument,98,401.07272
2024-07-01,481dc301-9ac8-457e-848b-0a1cba73298e,instrument,39,979.02203
2024-02-11,741370e8-8563-4673-99e4-c94c33164e53,instrument,29,784.7353
2024-06-11,759c11a8-1967-4c77-8852-d54c065b5b94,instrument,13,394.24478
2023-11-07,829cdaa0-86aa-43c4-b705-d992e5f00dff,medicines,20,295.4604
2024-09-30,2d9e898d-3d7e-4e70-aa7b-191681761705,food,30,938.4955
2024-08-15,37d4cbff-5e66-47ee-a019-59a11423e2ee,clothes,3,878.514
2024-10-05,3e802047-d0a0-43f5-90cd-18d93cfef5b7,instrument,55,565.4942
2024-08-16,f65a8e01-793f-4a40-9235-cb6a8f18a720,food,57,752.37366
2024-01-06,2a9ca531-7419-46d3-bcbd-b3bb94573df1,instrument,98,537.3995
2024-06-13,32fa4a87-48b3-42e9-8e4c-483ff6e717ba,food,43,73.19048
2024-07-10,213f181b-7669-4d78-bc77-319113233fbd,instrument,54,20.004045
2024-04-09,24fe684d-9c9b-448d-8fa6-26fa9a8e67b1,medicines,8,660.09393
2024-05-22,32cee0b4-689e-46bb-ac31-ebe4686ac07c,instrument,27,445.00256
2024-09-26,9c86c793-16cc-4f0e-8388-be832dfde4e3,clothes,71,364.1513
2024-07-22,3524631c-7f43-410b-b131-6cd24871639f,clothes,13,546.0799
2024-04-13,dce3edcc-25d9-4ef5-b373-fb76fa338730,food,61,618.57245
2024-05-16,702bb65a-12c1-48cd-8b15-f8783610f56e,food,80,90.34986
2024-06-29,6201d12e-3358-42b7-b423-684afd98d640,instrument,100,978.885
2024-09-17,09ad7070-d385-4f2d-bc04-81b50a8bfb62,cosmetics,56,484.5685
2024-10-07,889b3f0a-81fd-45e8-9993-af80c1f08ae3,medicines,18,844.4758
2023-12-13,78c7c619-a414-477d-ad0d-0e95dc9362f9,clothes,40,267.18634
2024-02-28,cfcade00-2544-427e-a42d-f535a007fe21,instrument,71,170.1439
2023-11-23,1662f34b-fcba-4f76-bd63-95746752b155,clothes,99,524.8882
2023-12-14,0205b19e-bd2c-4c22-a275-91f6b42a9d06,instrument,67,455.35938
2024-02-19,732abfbc-d34c-4abd-a3d3-435b06d34825,food,43,994.24603
2024-08-01,dbf2679c-fecc-42e0-8d69-eebc0eb54695,clothes,22,647.1726
2024-08-11,b48c96b7-2ceb-47ef-aa6f-beb121c4209e,clothes,5,903.9245
2024-03-05,c8daa52b-04e6-4934-a3ee-dfd6419578b4,clothes,43,932.7749
2024-09-20,76e4657c-80d5-465a-9338-a94b10e0651a,medicines,79,676.2945
2024-04-15,7aaf2c3c-4d3f-46d4-9831-76583661dce8,medicines,57,956.06805
2024-02-08,eb2f0429-7abe-4f20-8f54-507b632c629f,food,80,434.4759
2024-06-29,dbecd502-72ab-4e3c-a27d-0e2211aca948,clothes,25,321.67712
2024-03-18,01670d65-dbf2-4f2e-8065-fbb78cea6db6,medicines,49,807.0673
2024-01-07,b0c9f4b5-0eaf-428a-8e19-18cfb830b89e,cosmetics,100,223.14204
2023-12-02,a4e05be3-6376-4dd2-ad45-58e582fb5d15,cosmetics,2,127.992775
2024-07-23,acfbb039-22a2-4505-bf10-9ab1f02e3191,instrument,87,126.91715
2024-02-18,21b068fc-d889-4d5a-bdcc-9ee55a565729,medicines,83,168.007
2024-02-13,5c050f46-e7f1-4e08-9347-d61859fc7cdc,cosmetics,83,624.3955
2024-02-12,5afdf569-6a73-47d3-8fcc-1b226e10bf9e,food,11,450.1739
2024-09-06,828991d3-c905-43d4-a0f7-bd89f1fb3111,clothes,67,286.27573
2024-01-18,d8592170-2e3b-4948-8899-877b5ef8809f,medicines,20,764.11584
2023-12-18,f38ae428-5dfe-40cd-9c26-64f70e2daee1,instrument,95,597.8758
2023-12-19,8f84b7d9-77c9-4abb-9f70-0d0ffbbd70a2,cosmetics,93,467.29587
2024-06-18,e5da2e96-6390-4e18-b08e-e77d82e4834d,medicines,69,779.8131
2024-07-24,d8a3fb64-6c09-4bc9-97e0-aec4d3f0ff0d,food,20,304.73196
2023-11-27,5fd0db98-5374-48ad-8e11-64f3fcfaa55c,instrument,24,663.15857
2024-02-24,dd410c6a-c70b-4210-a205-9688e609b1e5,instrument,2,469.20828
2024-01-02,6ebff9c1-49e0-41ef-aa50-a7757a8a2f65,medicines,24,406.4692
2024-01-14,c4cc8da6-ef07-40b1-abf1-d9359fd57662,clothes,1,784.8651
2024-01-03,eeee656e-0df3-4d48-9a2c-66d61ce7f044,cosmetics,20,251.61237
2023-11-30,3438baf1-6a40-4b09-9bba-e570e4407a00,instrument,69,650.94696
2024-04-01,9fe19aee-934b-4c4c-91a2-635137291905,food,15,484.70605
2023-11-17,dc26183d-5da5-4be1-a0ad-7eb38d3b330e,clothes,82,567.8231
2024-04-23,faa2fac2-3a10-4f63-8e3b-22147f6c2d75,clothes,15,39.409332
2024-02-26,ff7524b0-7022-462a-a3bd-5355318aa8bb,instrument,99,681.0843
2023-11-28,54b90a73-4abe-4c5c-9fae-8be2a42ea785,instrument,86,958.7034
2023-10-10,eee97827-74cf-40d6-8141-9097b320b8fc,medicines,90,796.0918
2024-02-19,b0a28ab3-cb24-425b-82a6-2eafda724bdc,medicines,26,127.91635
2023-12-24,63d7895d-5fbd-49c7-b36c-4e7a29bd9a72,food,49,350.2839
2024-03-10,9e4708b2-c47b-4035-b25f-d7a5c94298f6,medicines,87,958.6312
2024-07-03,9c58526d-ae1d-4b57-b07b-956309241d77,cosmetics,30,333.63647
2024-03-01,47c684d2-f56b-4a24-9341-d607865ecf21,cosmetics,56,389.05472
2024-06-22,9ea2f5c8-8cc1-47ba-8d76-2e6827c8d70e,instrument,21,958.31415
2024-08-05,3ba570b3-9331-40ac-bf84-bc6cea3ba8ca,cosmetics,86,617.69666
2024-04-16,3f0f706c-b6a9-48f9-8e60-c816e1ad58a4,food,82,177.15154
2024-06-22,78256879-ec7e-4d99-a1a9-979a94238803,clothes,55,205.28065
2024-07-22,02cb75c7-35d5-4f34-984d-4ddf70d017eb,food,27,786.79376
2024-09-27,938984d9-157d-4759-9a52-51cf7f1cfb90,instrument,59,261.97098
2024-07-29,57bb880a-55de-4610-ac62-4182c1109e77,clothes,48,876.8396
2024-01-17,49530a05-6e62-4d09-a5fa-3accef87ed15,clothes,74,760.03796
2024-02-17,d7e5b264-5453-43cf-b871-f187d6a883ee,food,68,408.379
2024-02-28,3a761272-6666-4866-8b56-e6bc980aafc3,clothes,12,808.8814
2024-07-27,18d50c31-767a-4475-81ad-692b2799044d,food,30,322.5714
2024-10-04,7594be84-21ed-4845-93f2-31a4d9cae23c,instrument,29,84.99945
2023-10-10,5d5b1a72-fd67-4335-abb9-237cc39ee577,cosmetics,77,548.47723
2024-01-20,5d7bd24d-75a9-4eaa-9a52-42fcb5dbc0c9,medicines,30,155.42538
2024-01-12,a7d1be5a-8bd7-4ad3-a225-982f5331c8c7,clothes,74,948.34937
2024-02-10,f24a70ea-6064-4a17-a4bd-86edd84947c6,cosmetics,6,209.16841
2023-10-23,be26effc-9014-4640-8df3-8d3452ed1336,clothes,91,405.3753
2024-06-24,3a45a3a3-002e-4649-980b-07be23acea00,medicines,86,992.6477
2023-12-12,ed911408-9f3d-459d-8096-b0f25ebbda9b,medicines,58,315.99112
2023-11-18,f210e96d-e184-4e3f-b053-ab614e73a6a9,clothes,28,221.49693
2024-04-17,76f18458-d453-48ba-9727-5195e97ebc47,medicines,8,969.6501
2024-01-28,86d64429-bdf6-4c64-b1da-f3eda76e597d,instrument,43,687.92993
2024-03-04,d5db2249-e85a-4462-aeca-fbaac6c75391,clothes,71,414.3414
2023-12-26,637afe6b-38bf-4f70-b77d-14872294bbc2,clothes,56,582.6908
2024-04-21,9f1afb78-365f-40b9-af26-c99fb5ec8c5a,cosmetics,73,716.95044
2024-03-02,e1a54d99-7d6c-41b6-a6eb-5027347c0f63,cosmetics,60,240.08401
2024-06-22,3a686567-0e0f-47d0-8bf3-ce73e768502f,medicines,92,658.2095
2024-02-25,7c296b05-3a36-452c-89e9-829fd8721985,cosmetics,67,641.5626
2023-11-20,26bed413-b29c-457b-9c7d-c6a4ffd07cf1,clothes,8,232.53712
2024-08-25,19629d6e-6ca0-41f5-ae0d-7cc00467000c,cosmetics,94,203.34402
2024-06-10,09b0efe7-a2be-473b-8bc4-c00fbc871eb2,food,83,909.8987
2024-06-04,80695e20-89c6-4c77-b80d-798eeb6239ca,clothes,53,924.3703
2024-04-10,0f1c0b4a-d6a8-43e7-97f7-6e48a7b4aab6,clothes,95,30.622902
2024-03-22,0f8fb43c-b9e2-4953-9c56-0b58a7fb102e,food,86,236.03683
2024-02-27,61a3e517-6d96-4e6c-ae44-50e0071f0a5f,instrument,25,990.36774
2024-07-26,b54e53ff-2f3a-4887-b5cc-155a896992f5,medicines,100,994.58057
2024-08-02,f1a68458-a9a4-48f0-8c3e-23bb14d84c90,clothes,27,494.35455
2024-03-19,cfcb58f3-47c5-4c53-8a66-879595336724,cosmetics,25,865.3412
2024-03-31,6e7026bd-9d74-4362-a7ee-0e86c2348adf,cosmetics,89,400.6015
2024-09-18,2d9c9fd6-f320-4b0f-a6c7-e893bbf6621d,cosmetics,41,324.7205
2024-02-08,49903e85-c80d-404a-9823-04a56e0459b3,food,30,533.29944
2024-10-07,ec35e5c5-8cbd-4eeb-9eca-8012f5c122d9,cosmetics,94,454.20544
2024-05-30,1e11efb8-c4f8-409a-bf58-38fd8d3c4cad,cosmetics,69,723.7875
2023-11-12,c4cdb5c6-9b8e-4a67-89f5-138f83152213,cosmetics,57,351.82034
2024-07-16,eef47e69-9c3b-4da6-981d-708bd6680024,cosmetics,25,408.80603
2024-09-02,d8ad74e5-30a3-416a-9383-3ffda6496254,instrument,5,975.3878
2024-07-02,4ad7f595-2b25-4cdf-9376-3c2214afe136,medicines,29,545.3951
2024-01-17,be61ff59-f3b0-462b-8075-789ae909c113,cosmetics,75,974.18036
2024-01-30,a1fba6a5-11c3-4bfc-86ed-d9d907057da0,medicines,60,110.70876
2024-02-24,d4d84770-7748-4eed-813d-2f2b53201ab0,medicines,31,343.72488
2024-07-23,96086715-8439-433c-aad5-a1c0b73d432b,cosmetics,67,863.6068
2024-07-23,2fa79b92-4af8-4619-b443-625b50a25d4a,clothes,63,738.6577
2024-01-20,3f73957c-b909-4fe6-a9f8-4497bc7eb490,food,60,792.50977
2024-08-28,be60852b-9470-4177-aa3f-12d006fa90d7,instrument,1,39.87947
2024-04-17,a2642bc8-4a64-4946-baa1-f4d8decd8e08,cosmetics,84,699.6638
2023-11-07,fe1c796d-209d-428c-aa41-1e240f77a98e,medicines,87,689.63025
2024-03-26,fe1d2ca4-ac4c-4cae-b2a6-6790b233d576,instrument,86,333.9811
2023-12-06,87db6740-d389-4d6f-b559-6fb345db89dd,instrument,6,760.65125
2024-07-17,98771093-c9a6-4715-a135-ff0a16aa75ac,medicines,78,761.2542
2024-07-07,bbbcb506-373a-4add-a118-0bc15f89e904,cosmetics,71,710.0946
2024-07-15,e11bf451-723e-4fa7-a92a-71719a8bd2ba,food,29,360.38736
2024-01-01,75199758-9a22-4bac-863e-2a227b76ccaa,food,31,641.0056
2024-04-15,a88d198f-6feb-4ed0-b22e-0c49047523e2,medicines,4,910.83075
2023-10-28,97abacfe-c39e-4264-bb5f-c6f0b3c32b7e,clothes,82,976.0022
2023-12-07,84eafb5a-6c25-4190-94f2-4cd133bad9a5,medicines,8,428.6868
2024-02-27,2486b841-35a3-4bf5-a607-008f0794e346,instrument,95,490.13174
2023-11-03,4ba7e520-ed1b-461a-a140-502ecce3d677,instrument,29,43.39251
2024-08-12,23f8533e-e739-4d7b-9154-acbc9aea462e,instrument,59,347.83154
2024-01-02,549bdd1a-6623-4076-bf40-dfcf36df7341,clothes,31,865.0538
2023-10-15,a030f59e-ae2e-490e-9646-7927dc23a8c1,cosmetics,3,729.48047
2024-04-02,8d9037c7-647f-4253-80d6-e2bd44145918,instrument,10,198.59904
2024-09-20,8f2d1c58-07b1-4f03-a463-022212236850,medicines,95,241.24461
2024-06-30,365c763b-2a29-4779-a696-389f2a5b3bf3,food,10,833.3629
2024-05-30,422f656a-9e46-4673-a939-caeaaa6fa6b4,clothes,52,294.1267
2023-10-25,44d44bf2-635f-47e5-baf8-26eeb13a9c7b,medicines,85,913.69824
2024-09-13,3841bab4-cf5a-4af9-b5a0-3c06ed6a4943,medicines,17,861.99786
2024-04-10,67acefa3-0c6e-4321-8b91-c057fa1799c5,instrument,10,84.34653
2024-07-19,25532d2b-fe64-44bf-8c69-5d8cb8861daf,cosmetics,48,750.31647
2023-12-20,cd806f06-fad9-481f-a787-06914587f3b7,instrument,97,377.65387
2024-07-05,4d7b1fe4-4416-4585-8b64-39bd6f2c872c,clothes,26,395.4185
2024-09-14,c2c16b8f-bfd6-4bff-a222-02d0ab1b5a76,medicines,78,252.20609
2024-07-26,84ef78dd-5694-4c71-be25-bbb7b919453e,medicines,34,563.2577
2024-08-29,b1206169-1747-47ad-8418-db18509a5051,medicines,69,332.25165
2024-01-24,1419887f-10e2-4ad2-b6f5-f27c7d5f6094,clothes,1,953.4865
2023-11-09,25dd1456-539e-412d-b92f-109488d797f7,food,18,994.88416
2024-05-01,4f5cd7ff-dd04-416e-ab94-ce3f675623f8,clothes,57,587.38324
2023-12-20,e8f123fb-5ee6-4531-8cb2-b1a889125808,medicines,39,952.8956
2024-08-28,93c7183c-6794-43e4-b037-70e35e6c5fa8,medicines,74,828.32605
2024-03-14,4c433c96-2201-4b05-a99b-1a68e64e8610,cosmetics,31,641.9236
2024-05-19,bfc3c622-5b31-4364-94d3-e0e0ed89278b,instrument,40,544.5316
2024-01-16,493e04bc-a566-4835-9c26-265c03d9f290,instrument,29,988.1456
2024-07-29,c6ac1067-b833-460f-9a91-67530c16c1a3,medicines,79,422.2209
2023-12-02,58be5b83-6ccf-48ea-917f-29ebd11c12ea,food,90,319.94638
2024-08-24,d7f12665-3ea2-4b0a-85db-b698f30c7c68,food,39,651.43555
2024-05-06,9f526411-be6b-4d90-a9d6-da20f0c0e50d,food,49,721.83264
2024-03-31,cdec3ccb-0d50-4f0c-b58a-fe781b34d6dd,medicines,31,859.8162
2024-09-24,25d0ff4e-06ed-435c-aa08-f4f92f89082c,cosmetics,38,195.647
2024-03-13,5b1c10a3-c284-4596-87ca-c12dd9b49880,clothes,25,64.27844
2023-10-21,e7116d27-2dc5-4974-a222-52e3a93b9e23,medicines,44,73.93325
2024-08-18,4df63090-6372-4956-9432-f8542c809d0b,food,77,810.15137
2024-03-18,3bd34d6f-ac5b-45eb-b960-e531cf0e795c,medicines,41,907.0907
2024-08-23,d3df80be-c071-44fc-8f6a-6d30064efa1f,food,12,717.0671
2024-09-19,236df13a-bcc0-4266-b7a5-b7c0b730dc2d,food,27,100.06636
2024-01-06,dbbbac11-d695-4364-9017-1897cc03fd0e,cosmetics,55,668.2301
2024-07-03,3b0e1083-27af-4f7c-b560-b682a90aafe9,clothes,86,633.09955
2024-09-02,38af79c7-68c6-495b-bf5e-1c4d9ecedc7f,cosmetics,65,685.9662
2024-05-14,34e04a1d-c2eb-4772-847a-25b545bb20bf,cosmetics,74,508.2299
2024-09-09,93b091f4-9e3a-4ec8-a04d-234b8ca2f931,instrument,90,78.767204
2024-02-04,327a53be-f446-49f2-afaf-eeb644a43bb1,clothes,7,491.28864
2023-12-14,6f34d94c-f379-4815-ad23-fee1b6c441ee,medicines,18,459.17368
2023-10-25,ce6ca64b-37ec-4fd7-aebb-ea54187de990,clothes,41,612.60474
2023-11-09,ae4b79cd-432f-43ff-8eca-5a35cd4d465f,instrument,96,921.8928
2023-12-10,12797a6b-cadc-43d1-a195-2bb021e1a342,cosmetics,10,313.3561
2023-12-08,6b2707cb-dce2-43ea-a8d9-c5d53ec0d94b,food,3,68.68418
2024-01-27,d317777c-0580-416d-8251-0fe678c3546f,cosmetics,77,797.79626
2024-01-13,c533a701-f810-4a67-8a22-8a61563a2697,instrument,39,973.8639
2023-11-23,9da7d32e-f458-43d1-9519-bead454333cd,clothes,84,986.8103
2024-07-28,9996d64f-54b4-4674-b829-edb828cf2410,medicines,8,71.618
2024-04-06,f4315ec3-6b6a-4c77-8e26-92f8ef7efc4a,instrument,9,922.20905
2023-12-12,2c9c2d43-f0ae-4a03-a802-5bb71ece20ae,cosmetics,38,347.41055
2024-02-26,a36c1721-7ed1-46fb-9fd7-1bf44a5c629a,instrument,5,149.00717
2023-12-05,28ef12ae-e938-4f06-8e23-0b4bfb62d42d,clothes,30,17.566721
2023-12-28,edbe3ac5-c44d-4559-8489-da1efee05f8d,cosmetics,38,450.65005
2024-01-06,eb74d87a-ee77-49a8-b4a1-9c174d3bc743,food,96,207.76906
2024-08-20,89ca5167-b80b-4adc-9cbf-caec39ae02df,clothes,34,555.9916
2024-04-29,c00227e2-611b-4201-bdf6-71f1ed791abe,clothes,18,418.35257
2024-08-30,96a85e37-e22c-4b83-9dda-b7b797688cef,medicines,36,681.07117
2023-11-20,e602253b-6453-4342-8155-36c1cdcc343d,clothes,30,714.32715
2023-11-12,d75d0fed-f912-42ca-8276-7349815e963d,cosmetics,54,496.39056
2024-09-30,58c5bad2-9c26-43bb-98c1-0598e257e7f7,medicines,55,335.90085
2024-07-31,b4602048-f5bd-4d89-8602-bfae2f77e716,food,76,387.37085
2024-07-24,d4d37c3e-9dab-4ddf-be4c-c7e47cb26c8e,instrument,51,535.2669
2024-06-11,fc41ea7a-4b7f-4e72-8ee2-b00ccb744f08,food,47,387.57376
2023-10-12,521cd04c-d3b6-475b-8e59-af23d9afd2bf,cosmetics,36,416.02936
2024-07-22,521a0d1c-8399-4e82-925b-4d632feb1b6f,food,92,976.0166
2024-05-01,b85e62a2-9767-42a1-89ad-99459959e0b4,clothes,76,311.75415
2024-07-04,aaee29cc-d3f8-40e3-91f8-152f756d94a6,food,52,896.88727
2024-01-10,63662cf1-0a16-48bd-a754-c6f9e1a28cac,food,30,927.80963
2023-10-11,9f9aacc3-20aa-4ccc-aecb-8f05553efba3,cosmetics,8,336.81436
2024-08-24,a24ca90b-cb80-4328-9f45-385377a63a06,instrument,45,935.2231
2023-12-20,401d33e6-faa7-4283-9f1c-0056dfd15bcc,medicines,98,950.7617
2024-02-02,9cfc8880-7c07-45f6-89b2-1dbcb30966ed,cosmetics,96,665.9347
2024-07-11,1010fd10-6b82-4652-abec-4130a774bbb4,cosmetics,56,396.1512
2023-12-27,f78b63f0-10e0-41dd-9a6c-e2b5a0f7a884,cosmetics,24,987.5092
2024-03-11,5a133170-d2c6-4328-9ff9-3848b1d0ab80,cosmetics,24,808.4019
2023-10-18,429f4397-cd67-4a4e-adf1-432ac3fa2784,cosmetics,89,539.7174
2024-08-29,cf95b99f-187b-400e-9f86-4a57c3eddd22,instrument,90,336.30856
2024-07-22,08540fff-aed9-4a31-aa4c-ee642914828c,clothes,9,733.3944
2024-09-14,7e37740e-81b0-41d6-9ad5-5d3b702179b6,instrument,14,641.83453
2023-12-22,786b5ae1-2df0-4e44-bb91-011fbeb2ec4b,clothes,63,867.96716
2024-09-15,960b09b4-deef-47c6-902b-9517d3792366,food,38,518.14545
2023-11-13,156ea543-d6ed-4076-a3e0-451f2033e008,food,7,825.6958
2024-03-24,4be57382-4b58-4ddd-8d03-e79c372ed977,food,93,958.9058
2024-05-12,0c1c4c04-15b1-4f87-82f0-8f6646d7678a,cosmetics,35,886.3736
2023-12-31,60b7c618-c378-451e-9c95-9f958e5082cd,cosmetics,2,721.2136
2024-08-23,5bbb2de7-f37f-411a-ab69-8221d64d1a9b,instrument,80,558.62415
2024-07-19,385c11b5-7a87-4b19-abe3-613cb6e92a29,food,79,938.95184
2023-12-28,9159e781-823a-4e51-bfd8-2ca1a68c6617,medicines,20,448.72772
2023-11-21,b9278892-79e1-44e4-a768-800c6740acf3,cosmetics,75,121.62156
2024-06-02,d5297f3d-40d8-4da3-92ac-69b2bc210010,instrument,48,411.90085
2024-04-12,247399cd-71fb-4bf2-b082-472549a98c24,medicines,75,461.10333
2024-04-01,22e9bfc6-e357-4f33-8408-62c545e30d70,instrument,66,905.8062
2024-04-05,bc3d557e-89ed-4b6a-96d3-39350ef968d9,cosmetics,31,421.94394
2023-11-28,a61e9e4c-5753-40da-8d86-1e7f65856ead,instrument,93,407.82074
2023-11-05,18fe5222-00b4-4a01-9a4d-5d550c92700c,cosmetics,1,210.8139
2024-03-20,0b2a7fdf-ae28-46f4-ba9f-382c5975b53e,food,96,758.7628
2023-12-18,286bb6d4-1340-48c6-aeb1-a35b33ca8213,food,95,878.68933
2024-06-30,12964cfc-e0aa-436d-84a5-072a107d7dbe,cosmetics,34,666.3253
2024-01-28,63e5a0bd-f76d-4be5-ac04-faacb7ca0618,cosmetics,82,753.09827
2023-12-09,db18debc-aa70-45fe-85d7-5eab0c8f38dd,medicines,29,109.14314
2024-01-28,553401d1-b68b-4c0c-b608-c7b7d15c9ce0,cosmetics,49,425.5262
2024-03-04,56b4f447-9a5c-4bc6-b371-28df2f59ad4e,medicines,46,380.59338
2024-07-23,a5ecb4e9-6783-4b1e-8e83-e10b6432bef6,instrument,59,821.1366
2024-08-27,0cdec0bf-802d-41d1-9d82-5eecdb10de12,instrument,43,719.472
2024-01-02,6f563e75-9dea-4bc1-800c-506162e0be86,medicines,22,655.521
2024-04-21,7091dda6-20fa-48ac-ac41-f5c3cc113a32,clothes,43,690.832
2024-05-06,f8d3f124-78ab-4cad-90d2-17a3dcb43c96,food,96,847.73474
2024-08-21,6de01ff2-f2ea-4445-92f3-f35477daa1d5,cosmetics,38,651.2721
2024-09-10,5555252b-579a-4172-8627-5bc772500979,medicines,48,682.22
2023-11-02,14c4f12c-e8b6-446a-ae0a-9c0f1b4b0fc4,food,20,93.406944
2024-02-06,657e14f9-43c8-4cc6-9efd-ef680119fee1,instrument,53,363.8717
2024-10-02,6bf07fcd-312c-40dd-bfb7-df8988aff346,medicines,84,368.31985
2023-12-16,f3c645d2-634f-4c2a-9989-eb5b1c1924d0,cosmetics,35,484.7005
2024-08-23,f52bbce6-9672-4a02-8c6d-b71af313f742,instrument,73,327.75275
2024-05-01,4553f292-65c2-4ba4-aa70-59b50f407a44,instrument,49,773.2942
2023-10-16,806056f6-9b89-434d-a9cd-15cb819de0d1,cosmetics,43,552.08124
2023-10-25,9349e62c-b92e-4d28-beee-b572bf3dbba5,clothes,63,889.8695
2024-10-04,da0f9672-dba1-46d1-85f4-c380431e062a,food,47,956.6443
2024-02-25,4f992a80-f737-44ef-9da0-37c82a488657,instrument,54,915.7442
2024-02-18,fd9acd2f-46d5-4004-981a-413350b474b5,food,5,855.1488
2024-07-03,6a3a9e14-eb42-4e55-a2c0-7ac4b2d866a9,food,7,271.75668
2024-03-31,1f8d81d3-c023-4740-bfff-6a62f886711a,medicines,46,502.01047
2024-01-07,ab5ff560-1dd9-41fc-b51f-be0556d3583a,medicines,58,571.246
2023-11-12,878875c8-16e8-4471-9063-0d13bfe78879,cosmetics,56,530.89185
2024-03-20,5385663d-841e-49f5-909e-fa914edb1d73,clothes,82,113.7949
2024-07-18,9e8fe72e-7623-42cc-9a2f-947ad09a4bef,food,80,806.27124
2024-03-29,a11c2835-3e8e-48fd-922c-aa959efc166f,instrument,80,444.921
2023-10-14,30fa80b5-5ba1-432d-8ddc-0c3f38cbc308,cosmetics,20,848.71765
2024-03-31,e55e714f-a0e9-4103-8d73-9de70fe2418e,food,32,366.27563
2024-04-06,b24fe24a-4a21-4596-9644-3b081fcb5cdf,cosmetics,90,840.69415
2024-01-01,f3f5b8c4-724c-452d-842a-81a728501a6a,instrument,54,685.5005
2024-07-11,ce0f6536-2e6c-4f7b-8fc4-e431ce51f84a,instrument,15,961.2174
2024-07-15,839ec56e-8f23-4d4e-b37f-433a3d719b39,food,51,756.43945
2024-07-27,4e7ab470-be36-4e2f-96fe-ae60039f4936,cosmetics,63,854.4337
2024-02-13,cf32467d-03a0-422e-a88c-d5f557cf5f73,medicines,49,660.1015
2024-09-26,14f156f3-d8d0-40ee-9d33-752ffe5ac502,food,58,431.18216
2023-12-07,00ae9e66-6402-46e1-9ed2-5c49d9ae1ab2,clothes,35,282.19604
2024-01-31,d46cc33c-e3f9-4a4d-b893-a5064e9d8522,clothes,83,814.9757
2024-06-30,77c52cf7-931b-49e8-a441-d5661f168ecb,food,21,63.224434
2024-05-12,dc54ca0a-99d5-4ec4-b5fe-0735c67d210d,food,91,47.979534
2024-03-08,50c91d83-351a-4e45-bca0-0819c7d0b693,clothes,3,387.29434
2024-04-21,383bc4ab-a325-4a45-b00b-4e5ad7100b3c,cosmetics,32,600.0954
2024-06-08,1d86e221-7991-49d5-95c9-36686a43ba78,medicines,10,728.5097
2024-07-05,fc1ed317-1e9e-4163-8d37-d90e822b589b,instrument,35,880.967
2024-07-17,440a79c6-bd91-40c4-9adf-4858d06a033b,medicines,37,722.0808
2024-09-07,d86bd0d5-06aa-4655-87cd-6ea956e3889a,medicines,70,182.04982
2023-11-06,3b6e0b4d-521d-4b17-964c-a947d4880028,instrument,45,727.2883
2024-08-11,65905b3d-2e0a-4d2f-b79b-d2ddff4d135f,clothes,52,430.68686
2023-11-29,93a0c579-62d9-48ea-a279-9189e1bc23f3,cosmetics,2,802.7507
2024-01-13,005e0ae4-87c5-40a8-8a14-3481e385ba82,instrument,39,857.6605
2024-06-05,89114f3b-3f11-4206-931c-738a9e76a935,cosmetics,87,390.80704
2024-09-22,ddfdbf40-7a27-421f-addc-3f9a1f302aed,instrument,73,477.94827
2023-12-12,821f1b88-dc05-423e-b7a6-18dfe474977a,medicines,33,458.706
2024-09-09,28527349-8092-4f2e-bead-39d066661b75,clothes,61,284.70444
2024-02-15,15458e9c-f809-46a3-a63e-aeeca58a1967,clothes,1,91.81376
2023-12-16,c78dd9c2-b049-46bb-86de-127a4061166e,cosmetics,71,140.80809
2024-01-23,e754157c-f016-4f73-bccc-af6795e11bf0,medicines,12,339.4383
2024-04-10,6e40202e-a4df-4eda-8b5d-07f7390f29f2,medicines,88,345.3087
2024-02-21,2ef3206c-ad3f-42d5-a07a-335db001b795,food,37,414.99463
2024-01-25,fa38a0b6-5dd6-4c62-8558-5ee266947360,instrument,27,340.10187
2024-05-07,56c58677-0738-4e24-9c17-892ac71f3176,medicines,41,268.65848
2023-11-04,d2a0a62e-657a-45b8-bf87-7167f100d154,food,31,794.5288
2024-06-05,a7aff7d0-30a1-4926-87a3-78b2a0bd0011,clothes,43,310.66107
2023-12-30,fd21f7f7-e373-4651-ad48-faeed2e6a2cd,food,13,944.63635
2024-04-06,878588aa-9f3f-4607-a044-2487139b5c05,instrument,9,762.77936
2024-01-07,f1e83673-edbf-42f1-b531-d6977b886807,clothes,6,91.78728
2023-11-11,9a05225d-d386-4071-a39e-8d40f4ba878f,food,26,37.904613
2024-03-29,b5f909c6-9368-455f-9e03-858e6cb7678b,food,42,691.8965
2024-07-31,5abd243c-c5d6-4df0-a5ce-e745c912dc2d,cosmetics,96,462.67517
2024-03-06,2935bd88-d5b3-4fae-abb9-8177db7b1e48,cosmetics,60,80.87633
2023-11-02,9b6659f8-f378-49be-ba43-5bff72f9de86,food,5,543.276
2024-04-14,c1ff1a3c-7626-4634-b376-6cd2051d551a,cosmetics,44,486.49084
2023-10-30,ebb166b3-b60f-40e5-aed5-f09e9aa5901e,food,61,944.2522
2024-09-16,2eed037b-3652-4b1f-91ac-4984cf4a82cb,food,39,291.80487
2024-05-21,b429d708-5be7-42fb-ab74-cad02c0135d4,cosmetics,19,118.312744
2024-07-02,48ce8b6c-1656-4540-a545-fd7f4e1afa3a,food,41,485.93546
2023-12-20,a30acb00-b34e-4dbf-9c54-dbafa7f05975,food,69,849.2401
2024-06-23,9920a5da-596c-4fbb-bfd9-4c199ab43211,food,63,954.38245
2023-11-15,4181fbbe-bd02-45aa-959e-76663a5ae5be,food,28,718.91504
2024-01-07,f50b54f8-4d6f-4141-9651-593ab61efba0,food,27,630.4272
2024-07-28,f540af5f-2c1b-44d8-9fd5-17b32594f3e9,cosmetics,77,733.81744
2024-09-18,01d2c1c5-f3cb-46a8-bca4-0198668537d5,instrument,4,236.91922
2024-06-13,c54d4e9b-7f80-443c-9d72-631b1848a70b,clothes,48,532.86035
2023-11-04,6b8040f8-d321-4fab-bb1c-df63b23b84a4,clothes,69,902.63715
2024-02-25,625be3b1-3ffd-4f99-9caf-eb68f8a00620,instrument,86,77.74329
2024-03-02,03b7c699-3197-4030-9100-b7298106b940,clothes,10,692.1883
2024-03-27,5e80cdef-1318-49da-9bc1-3cbf7100be12,food,40,156.31775
2024-04-08,190b17b7-fcd2-483a-b599-0b16d0cad4c6,cosmetics,83,978.67456
2024-07-19,0c739e41-7a46-45b4-bb76-14f557d1abce,instrument,17,156.00719
2024-01-27,22e9f4d3-3c60-404c-b100-ce4a33ef6b6f,food,47,375.88196
2024-04-05,02ec4187-0fc0-42e8-a541-3ca6712c9413,clothes,84,877.5353
2024-07-05,f55a9cf4-fbfd-4589-8609-74340db8bf93,clothes,59,123.52616
2024-03-06,6f82eea1-324b-4a71-94ea-6dd06d14f1ea,clothes,82,221.69458
2024-03-10,36e37738-097a-47c9-936b-d46fef11aaf9,clothes,30,874.054
2024-02-21,6d218e4b-8ebc-43ca-a408-3345ec1fbefb,food,84,750.25494
2024-09-23,17756c1c-fcd1-4109-a443-da786fd70bc1,cosmetics,65,91.41363
2024-04-08,2362a561-3b6d-407f-afcb-db62981990d2,clothes,52,34.295685
2023-11-12,008b1b91-942b-4b2b-beca-852067f85709,cosmetics,52,290.91534
2024-02-25,db50d33e-4126-49f7-96dd-1ea285eea588,clothes,80,122.84542
2024-01-16,f4e86460-0fec-4ff1-a6eb-6bd7823923fc,instrument,57,674.9253
2024-10-06,501e06c6-9372-45ac-8ae8-a6b30854ec79,food,86,409.37048
2024-07-30,64643b54-caee-40cc-a0b7-cced528ae729,clothes,32,793.37915
2023-12-07,81fbedda-2a60-445f-9ec5-42fdf815ca5b,cosmetics,68,555.60706
2023-11-18,36a67341-ba86-48fa-85f0-1cd97c9ace9e,instrument,85,389.24442
2024-02-07,26550ba3-5cff-45a5-af51-546281c36fb9,food,64,990.44403
2024-03-03,5169570d-cb4a-416d-a899-aa0e9b204971,instrument,30,611.88245
2023-11-07,e0cd970f-9908-4785-969e-ed9d29b00146,instrument,37,842.44727
2024-06-09,622225b5-92e7-406b-b364-7ec5e665c4a5,cosmetics,9,342.12326
2024-03-16,0e58d923-d5a5-4470-9151-2d60b272ae02,instrument,87,820.53503
2023-11-02,8c5729cd-5d27-4e48-a70d-a7fac83263c9,cosmetics,56,678.9174
2024-09-22,aec95eb1-38cd-4206-a0b7-c3451e54bd5a,instrument,57,142.00905
2024-06-09,a338965f-044e-4d8f-a899-0b8b9df77f07,medicines,84,381.6134
2023-11-18,951c8c5d-3399-4592-932f-c0ef91b445aa,instrument,88,781.7368
2024-02-12,7d9c9593-f60b-4cb2-8b30-fb0b1f8c2f33,medicines,92,755.40424
2023-10-29,c0d8235b-440e-46db-8f6e-85d580bdc25a,clothes,30,797.4594
2024-10-05,41b7cb52-e864-4bf4-a265-a1ce2b175143,instrument,21,47.819553
2024-07-02,d8eb8fa6-70ef-402f-a6bb-3168771682e2,food,21,789.9156
2024-07-15,a9ad84f7-9330-4fbf-8670-24b9cdf5fa39,clothes,12,814.49994
2023-12-08,c14b4102-f4ee-42fe-866f-8f300eef3936,medicines,24,540.22107
2023-11-29,b16d4785-ca4d-4b20-9ece-c9ba93efcd8d,clothes,68,876.7688
2024-07-07,272c4fe2-7708-4ead-b385-d086e0b6fd15,cosmetics,37,674.20703
2024-10-02,2cefe515-f573-4f24-b095-b83d8a5b21c9,cosmetics,33,664.4211
2024-03-16,44fb6aa5-7038-49b1-a27e-c001c18461de,instrument,79,289.3503
2024-03-31,76f411c0-ecc3-40f5-a7a7-0aad6f581d7f,clothes,93,687.66
2024-01-06,570431bc-c2f5-47ef-a114-a3a1b59630aa,clothes,47,486.4916
2024-04-09,c0468d09-9b0f-4084-9598-3deb079107ae,food,5,473.35748
2024-04-09,b5371a45-132e-4a5b-9a8a-c68517a62a70,cosmetics,66,153.24586
2024-04-30,14830899-f389-4ff4-b00a-6945c31f9d44,food,65,879.7388
2023-11-02,70352048-4b4a-4bf7-a654-df8431d5b0df,food,43,800.5603
2024-07-31,0a517127-7c53-45df-a8e9-600f64565e44,instrument,59,723.31934
2024-07-17,0decdd77-9cfb-41b5-807c-b5c6e2ed7bd3,instrument,52,440.94376
2023-11-15,816e4de7-1d73-489b-907d-3856fe50c422,medicines,14,63.515392
2024-01-25,28ab0341-c06b-4569-9b92-43e745645725,medicines,69,916.0158
2024-08-23,62a67e7c-ff79-4a1d-be92-2e1a2237f1a1,medicines,33,602.36346
2023-10-31,958d24a3-dbb8-440c-8eb9-4b5ad6519fe2,cosmetics,72,607.37964
2024-08-07,6c78d72c-76d3-46e5-ac15-d061e0107ebd,instrument,89,340.60577
2024-06-26,144485f0-5df5-4638-b1b6-9ab19a8d1f33,cosmetics,100,130.89725
2024-02-01,fda62f59-f9c2-42a1-9bbb-3f8137a38b52,cosmetics,16,846.35126
2024-05-31,aab09a08-8433-4932-94df-288cee51e30c,clothes,32,178.53894
2024-01-21,8608c391-dbb2-4a05-aa93-0c1a29b4ad16,cosmetics,36,823.96045
2024-03-12,4b09efab-440d-4fba-b493-b6426f03e53f,instrument,82,373.45065
2024-05-31,d88e9e7a-f6c7-4b0d-a1db-deb5a155566b,food,66,799.0753
2024-05-30,a200cce9-4d1f-4fb6-aad8-fc1f9ec4dbb7,clothes,39,229.74913
2023-12-24,c2de281b-bdad-463d-8065-def26d54c0ec,food,25,988.6587
2024-08-13,fb4514c7-7c6a-4a61-a257-702b87771169,instrument,74,693.92053
2024-10-03,9b457945-7f0e-4a48-a845-cbbbc200dde5,cosmetics,85,43.881634
2023-11-17,b177ad2d-473d-45df-9a79-331e049eb38d,medicines,37,181.88376
2024-07-29,a152c377-6a5c-460d-b071-550f886fa8f6,instrument,19,949.6509
2024-02-11,8425e506-1f4c-4188-9d4e-bc5bff366c68,cosmetics,28,949.9937
2023-11-03,71b6817f-f320-4682-b7a9-4d298136c016,instrument,10,408.22623
2024-02-19,caa958a1-9aaf-4ed2-99eb-f5b4242ea8e1,medicines,25,960.9967
2024-03-04,4a250142-c974-474b-a3b8-04d4a984b72d,cosmetics,54,581.76227
2024-10-04,145592ff-75f9-4c53-ab8b-f70538a858e4,clothes,74,523.0389
2024-02-04,93e7f565-bb8e-41e3-bd72-789a3f592031,instrument,11,238.14082
2023-11-22,ba1d5aa2-a1cb-4bc3-b5f3-a51c9506fdae,medicines,95,209.29729
2024-03-04,8cf4ee8d-b93c-4ddf-a6ea-18f0e18d740e,food,2,670.4097
2024-07-08,58a8bacd-8245-447b-bc1d-873c81b1d96e,food,42,863.2004
2023-11-19,33586046-cbe7-4723-a330-f7f5db0ea78c,food,88,592.28564
2024-03-20,a20ad321-93ab-4800-8dcc-37fe55de6b9a,clothes,6,282.91687
2024-06-06,078403ca-0958-48c8-ab56-a5405c7a15b6,medicines,99,191.4078
2024-06-09,44445006-ff0f-48be-9121-26ebddc53657,medicines,81,874.2219
2024-06-29,e5949e0d-2f2d-41b7-9d20-688fa666ac69,food,90,128.39572
2023-12-13,6d05998d-7d75-4a6f-9bb3-0a9a02e4b5a5,food,79,675.07263
2024-04-24,a8d1b021-185a-4aa9-ac17-c57beaf9c35d,instrument,3,77.293365
2024-08-15,58f6c5a8-f461-460b-9841-60f7276809e9,food,59,515.0996
2024-07-21,9af7b6b7-94da-4535-9cd8-3596a01e1ea3,medicines,15,25.786634
2024-07-03,ff24b6f4-3a88-4652-80e2-db6a3449108c,instrument,69,529.34155
2024-05-06,5a04c11b-3163-4525-a5bc-1b7a1747225c,cosmetics,73,473.0912
2023-10-31,d1ebc81e-0c89-4f46-b930-17f67e093cc2,food,13,697.3052
2024-05-10,b2537e1d-557f-4734-bce4-88839216346f,medicines,95,622.2649
2024-02-05,342dd608-4b8c-46cb-99cb-5fb597f6de31,cosmetics,20,621.55414
2023-11-05,585954c5-b6de-45ac-9ed4-30edcb6c41f1,clothes,47,493.18826
2024-06-18,0fc1f4a4-3e10-49df-8920-9d64fa961469,clothes,94,986.99194
2024-08-03,606a15d0-07f7-48bf-a459-889718262127,clothes,81,750.4658
2023-11-19,2f801287-484e-4418-aa1f-47adb1deccf2,instrument,22,232.99112
2024-07-20,7fb828ac-2817-4cb0-93b9-9546a4b3a911,cosmetics,83,710.9906
2023-10-10,72beec83-303c-43c2-9371-34ee582b1f83,medicines,95,71.65016
2024-05-10,357aac83-c2e2-4001-88bf-5d305fb322d0,medicines,63,888.2933
2023-11-05,4e1f5351-96b3-4674-805f-1c04e26bfd97,clothes,18,890.81384
2024-09-25,a9677ca9-9593-494d-8274-7c038c02266a,instrument,26,252.35283
2024-02-21,80ab0bbc-fd50-491b-b0c0-8823c93292dd,clothes,66,900.76733
2024-02-15,5f24eba4-fba9-4b20-ba24-36c27846817a,food,44,567.3574
2023-11-25,fb8e705d-f9fd-49a0-8afe-0478b4a7afe5,medicines,81,344.57263
2024-08-10,4f71bc96-3cbf-4866-959b-c48c20d7e3ec,food,90,390.61884
2024-01-17,75d657bb-244f-4f97-8bee-d2eebb02d8a2,instrument,17,555.8513
2023-10-22,5b40e8a6-e5a9-4539-a3e7-cfef388ef1ed,clothes,23,562.14905
2023-12-15,b98cc341-23f6-4060-967b-bb3b4bd9e8be,instrument,76,750.7289
2024-07-24,913e7f73-0a3d-4d19-a11b-6bd64fe22a2e,cosmetics,81,761.16473
2024-06-02,c7ecf78e-4f29-4c66-9aed-f9276e07787e,instrument,41,995.4446
2024-09-13,86435368-6791-4bf1-88f0-1d04f6743187,medicines,8,792.87897
2024-07-15,cb131d19-4a2f-4efe-9ff5-38af6703d2f3,clothes,26,837.7984
2024-10-03,ad6f33fe-75e6-4c40-83f8-a4c8100435a8,clothes,17,577.0223
2024-06-25,86597629-95d5-46d7-983d-e9f4922c4848,food,1,575.02026
2024-02-09,b556adb5-e405-48a4-bb86-de4583a8b551,food,3,623.3572
2024-07-21,604a3245-f6d9-4411-a4b0-ff1baa606628,food,15,699.4327
2023-12-20,203b9b26-67e8-40fc-8f80-ef0563b2f928,cosmetics,89,482.2064
2023-12-18,bd0f4dc2-8c32-4477-a4f3-dda873dc9b8a,medicines,58,380.0462
2023-11-24,2e635936-2d3d-4850-94e0-9a2debf738d4,medicines,36,623.5744
2023-12-08,fdf0ae2d-3485-43dd-b64f-c549d24d711f,cosmetics,8,351.00745
2024-05-02,df81864f-e103-44d8-a2ab-562369bc2153,instrument,11,267.42114
2023-11-03,ff1333bb-c6b5-44a6-8cc5-2144d7578699,medicines,19,254.34924
2024-09-26,a9e98f86-d32d-4080-9d21-e5a7b600f560,cosmetics,54,238.21115
2024-03-03,6f115bf9-9568-41ff-a44c-aefcf021f8d3,clothes,87,721.1566
2023-12-11,82f00ac9-773a-4250-9e0c-fc45ff07c2ec,medicines,44,486.22375
2024-08-05,7b9a5f83-b7fa-49b2-b7e7-8818caf1a1a8,cosmetics,35,974.5926
2024-08-14,6742c0a5-2fcd-49e4-ade3-7a722ca05548,clothes,49,574.6818
2024-06-03,253c3cb5-79f8-442c-b6b2-08d7548c5634,food,64,193.04128
2023-12-03,621b6f95-20c7-4f61-953b-b3d7e9239fd5,medicines,17,989.5411
2024-05-24,a2aedf78-5edd-4e6a-80b2-3fe06a4437e7,clothes,28,508.87045
2024-09-15,81481081-5027-4868-99bb-c9b31e62868b,instrument,75,352.1434
2024-01-19,6b6af848-bc95-4134-8509-b7f537df67f1,instrument,21,986.03625
2024-01-20,398db158-aa56-40ec-98aa-790a77325436,medicines,12,315.76852
2024-02-18,cd3900d8-2709-42e9-98a0-e0f8d719405b,cosmetics,98,805.7493
2024-06-30,7a1f553a-5976-458e-857e-9af3429f3404,food,56,747.90826
2024-07-27,17eb887b-1fa0-44a3-9b49-62ef7ef35e8e,food,39,378.38812
2024-01-29,8bb22814-bb3c-45c1-9da2-8bbfb70a6a61,food,76,807.17975
2024-09-03,e0def7a6-7c19-4324-a539-0b2925073f8c,clothes,21,845.8417
2024-06-08,0c80aea0-3e04-484f-bb43-5344872ab513,clothes,85,382.1001
2023-11-02,0bea60ef-d82f-49ee-b587-b2db5e060265,cosmetics,98,592.96533
2024-07-25,ee32c065-d59d-44b4-b774-665cae4a3257,instrument,1,483.19324
2023-10-17,336f35ea-94e2-421f-96b8-c3ffdbf25901,cosmetics,13,759.7037
2023-11-07,464a4e16-c52b-482a-9b38-5a8540166644,medicines,71,452.97153
2024-01-12,78c5e6d5-6b4e-4922-93c9-56faa0e41115,instrument,54,870.8368
2024-04-24,6020748e-4901-4716-8371-babe61186f80,food,46,283.77197
2024-09-21,7ece3472-5347-43f9-8dec-02acfa2a2fa6,food,100,262.46344
2024-02-10,61bce5c9-95a9-49e4-b6c8-a9936741ce8a,instrument,16,252.10693
2023-11-11,543102fa-e549-4a3f-8de7-ceb897f9f3f2,clothes,100,440.46603
2024-07-03,eced2691-3d20-477b-a9ed-350fe6d91799,clothes,14,851.30396
2024-08-20,eec7c035-9bce-4c3d-8904-5e8400345c4d,medicines,58,260.41107
2024-07-31,8c550d29-c42b-468b-bcf8-6022ad92d907,clothes,63,931.00037
2024-05-24,205aa6de-eed0-4804-9636-610d5c38ca1a,cosmetics,68,996.01135
2024-03-13,0dac732a-4053-4132-9dc7-bb2dae4a4619,food,60,185.89116
